"";"classe 1";"classe 2";"classe 3";"classe 4";"classe 5";"classe 6";"classe 7";"classe 8";"classe 9";"classe 10"
"art";-75,818;31,942;-21,348;-15,92;-16,42;-35,51;-0,465;-21,983;-6,698;476,899
"detail";-77,956;-49,28;-5,722;-15,156;8,129;-31,768;7,47;-54,595;3,6;521,576
"flag";-42,142;127,235;-3,033;-0,524;-4,458;-64,444;-40,13;-48,617;-1,327;370,263
"artstation";-33,674;-39,361;-0,221;-10,267;11,873;-62,362;-22,004;-47,376;-1,11;716,582
"paint";-41,411;-25,952;-0,067;-12,3;-1,752;-51,319;-20,588;-39,157;1,266;736,007
"highly";-36,826;-18,26;11,47;-5,056;4,069;-35,291;-30,681;-24,974;-4,313;460,696
"digital";-42,634;-24,87;-13,503;-9,607;-12,428;-29,026;-9,37;-46,285;-8,681;893,081
"blue";-43,573;-11,678;4,053;-14,566;-0,578;-66,924;-36,734;2,01;-11,139;467,19
"sharp";-40,227;-27,988;-15,062;-13,447;0,007;-27,97;-33,913;-38,162;-10,14;869,629
"concept";-37,511;-0,457;-14,045;-12,539;-13,576;-52,047;-29,032;-43,613;-5,413;887,711
"illustration";-39,314;-27,306;-14,721;-10,748;-21,276;-26,828;-11,835;-15,029;-5,879;772,22
"focus";-37,511;-28,519;-14,045;-12,539;-0,195;-39,369;-26,551;-46,102;-11,685;941,112
"light";-33,814;-25,708;-12,661;-8,983;1,837;-6,411;19,482;-18,043;-10,533;239,998
"merkel";-32,266;-24,532;-12,082;-10,786;-2,475;806,847;-19,998;-48,49;-2,68;-10,777
"angela";-30,908;-23,499;-11,573;-10,332;-2,059;767,084;-18,918;-49,098;-2,39;-9,296
"intricate";-35,735;-27,169;-2,619;-4,097;-1,835;-22,403;-30,126;-40,968;-6,743;740,64
"yellow";-34,858;-1,257;-0,278;-11,652;-1,611;-53,539;-26,829;-5,272;-8,539;516,636
"rutkowski";-28,902;-21,974;-10,822;-9,662;-8,989;-44,391;-24,366;-45,911;-3,254;913,491
"greg";-28,737;-21,848;-10,76;-9,606;-17,398;-44,137;-24,226;-45,648;-3,214;955,218
"realistic";-22,783;-5,733;-0,012;-1,142;2,176;-29,859;-1,628;-31,023;0,154;268,317
"artgerm";-29,068;-22,1;-10,884;-9,717;-7,382;-44,646;-13,42;-43,453;-9,055;872,881
"mucha";-27,585;-20,973;-10,329;-9,221;-16,7;-42,368;-23,255;-43,819;-4,493;927,641
"fantasy";-26,607;-20,229;-7,719;-4,778;-11,577;-24,06;-19,982;-42,266;-8,288;767,514
"alphonse";-27,258;-20,724;-10,206;-9,112;-16,502;-41,866;-22,98;-43,3;-8,491;940,515
"soldier";-17,57;-16,966;-8,355;-5,313;-11,213;-34,274;-18,812;-35,447;-6,951;723,241
"elegant";-24,997;-19,005;-9,36;-8,356;-15,134;-38,394;-21,074;-37,043;-7,787;850,544
"matte";-22,94;-17,441;-8,59;-7,668;-11,582;-35,234;-19,339;-33,804;-7,146;767,909
"poster";554,273;-6,074;-5,682;-4,872;-8,341;-9,62;-3,47;-6,424;-0,087;-36,234
"ukrainian";-20,921;-13,568;-5,682;-6,994;-12,666;-32,133;-17,638;-30,627;-6,517;686,959
"hyper";-15,073;-13,261;-6,531;-5,831;0,526;-26,79;24,76;-27,707;0,01;193,348
"smooth";-20,308;-13,111;-5,463;-6,789;-2,159;-31,191;-17,121;-24,792;-6,326;577,445
"extremely";-20,308;-15,44;-7,604;-6,789;-0,203;-28,609;-7,073;-27,172;-1,308;485,457
"propaganda";701,809;-5,142;-6,364;-5,682;-10,29;-26,106;-12,022;-3,725;-0,681;-28,993
"figure";-15,513;-13,601;-6,699;-5,98;-8,605;-27,477;-10,633;-28,418;-5,573;571,686
"logo";-15,38;-9,446;-0,002;-1,624;7,094;-21,117;-12,966;337,781;-2,808;-28,613
"masculine";-17,145;-13,035;-6,42;-5,731;-10,38;-26,334;-14,454;-27,235;-5,341;591,576
"trend";-10,817;-8,224;21,012;-0,553;7,681;-9,917;-5,045;-0,03;8,699;17,836
"style";-6,07;-10,702;-5,271;6,116;-0,022;-3,598;9,625;44,925;4,704;-12,713
"stand";-15,526;-11,804;-3,77;-5,19;-7,217;-6,288;-13,089;-13,405;-0,444;339,793
"portrait";-10,64;-7,631;-4,842;-4,322;-0,555;75,36;-4,969;-13,579;1,716;13,554
"background";-13,932;-10,592;-0,1;-4,657;-0,015;-5,827;-11,745;90,468;-2,396;10,379
"super";-12,788;-9,723;-4,788;-4,275;-1,282;-19,642;-10,781;-15,521;-0,108;345,192
"render";-12,931;-9,831;11,481;-4,322;258,824;-19,86;45,008;-5,167;-2,115;-16,807
"red";-10,083;-7,212;-1,244;-4,133;5,238;-16,535;-8,201;0,566;-0,073;99,624
"cinematic";-11,097;-8,437;-4,155;-3,709;9,72;-1,901;47,404;-4,343;-0,458;10,281
"face";-11,236;-8,543;-4,207;-1,874;0,202;9,843;27,977;-9,14;-0,011;5,191
"soviet";535,243;-1,857;-4,26;-1,915;-6,888;-17,473;-5,478;-9,34;-3,544;-21,164
"color";-0,767;2,17;-3,687;-3,291;-0,346;-2,665;-0,212;61,412;-1,271;-9,416
"shoot";-12,504;-9,507;-4,682;-4,18;-3,679;-8,605;-10,542;-15,083;-3,895;335,654
"high";-9,295;-7,067;-0,01;0,009;73,374;-6,028;6,678;4,182;4,582;-14,804
"pile";-11,798;-8,97;-4,418;-3,944;-7,143;-18,121;-9,946;-18,741;-1,8;395,884
"skull";-11,798;-8,97;-2,474;-3,944;-7,143;-18,121;-9,946;-18,741;-3,675;395,884
"bright";-11,657;16,393;-4,365;-3,897;-3,23;-17,905;-9,828;-18,518;-3,631;208,486
"white";-9,984;18,97;18,786;-3,338;-1,16;-12,929;-8,417;81,034;-1,308;-13,749
"atmosphere";-11,517;-8,756;14,47;-3,85;-1,808;-17,689;-9,709;-13,564;1,029;196,148
"vector";-10,678;250,279;-2,093;-3,569;-2,719;-16,4;-9,002;29,242;-3,326;-17,347
"map";-6,288;3,871;-3,173;466,182;-5,131;-10,646;0,612;-1,641;-0,916;-13,297
"nigel";-10,261;-7,801;-3,842;-3,43;-6,212;-3,081;633,983;-16,3;-3,196;-19,089
"farage";-10,261;-7,801;-3,842;-3,43;-6,212;-3,081;633,983;-16,3;-3,196;-19,089
"design";-3,112;191,901;-1,452;-0,19;-3,285;-13,435;-7,374;8,984;0,105;-16,273
"winner";-10,539;-1,434;-3,946;-3,523;-6,38;-16,187;-8,885;-6,482;-3,283;269,803
"volumetric";-10,539;-8,013;-3,946;-1,667;-0,078;-16,187;-8,885;-16,741;-3,283;299,526
"black";-8,339;2,457;14,427;-2,787;-0,559;0,351;-4,912;35,804;-0,881;-13,047
"viktor";338,619;-4,857;-3,429;-3,061;-3,519;-14,066;-7,721;-9,957;-0,16;-1,72
"photo";-7,122;-3,381;-0,092;1,584;-1,003;36,457;0,128;-0,001;-0,002;-4,996
"octane";-9,57;-7,276;20,211;-3,199;125,52;-14,699;74,01;-10,585;-2,981;-10,885
"european";70,853;46,701;0,652;-0,925;-4,802;-12,182;-6,687;-1,183;-2,471;-10,067
"symmetrical";-9,158;-6,963;-3,429;-3,061;-5,544;-11,679;-7,721;-6,235;-2,853;262,812
"body";-7,256;-5,517;-2,717;-2,426;-0,248;-4,958;-1,17;-0,009;0,421;72,45
"movie";-8,611;-6,547;-3,224;-2,879;-0,098;17,99;162,357;-13,679;-2,682;-9,223
"huge";-9,295;-7,067;-3,48;-3,107;-3,597;-3,217;-3,885;-14,765;-2,896;228,356
"full";-8,747;-6,651;-3,275;-1,151;-3,285;-3,861;-0,026;2,73;0,105;51,105
"dramatic";-6,72;-5,109;-2,516;-2,246;8,714;-8,001;222,827;-3,056;-2,093;-7,919
"special";-8,339;-6,34;-3,122;-2,787;-5,048;-12,807;-7,03;-13,246;-2,598;287,714
"force";-8,339;-6,34;-3,122;-2,787;-5,048;-12,807;-7,03;-13,246;-2,598;287,714
"lens";-3,95;-3,003;-1,479;-1,32;-2,391;-6,066;300,728;-6,274;-1,23;-7,348
"8k";-7,526;38,108;-1,062;-0,816;108,941;-11,559;-6,345;-0,046;-2,344;-4,121
"star";-5,92;-0,276;-2,217;-1,979;20,709;-0,325;-1,473;43,602;-1,844;-11,014
"union";99,736;45,794;-2,516;-2,246;-2,146;-10,321;-5,665;-4,528;-2,093;-7,919
"johnson";-6,854;-5,211;-2,566;-2,291;-4,149;-0,04;164,868;-10,887;0;0,131
"field";-5,391;-4,099;-2,019;-1,802;3,485;-4,104;163,737;-1,543;-0,222;-7,655
"boris";-6,854;-5,211;-2,566;-2,291;-4,149;-0,04;164,868;-10,887;0;0,131
"symbol";-6,988;-5,313;60,451;-2,336;5,2;-10,733;-5,891;0,593;-2,177;14,708
"square";-6,988;-3,285;-2,616;-2,336;-4,231;-10,733;-3,822;-8,755;-2,177;209,226
"orban";162,384;-2,808;-2,366;-2,112;-1,926;-9,706;-5,327;-5,697;0,016;0,081
"win";-5,655;87,328;-0,51;-0,354;-0,427;-0,749;-1,302;-3,105;1,19;-0,804
"kremlin";-6,72;-3,093;-2,516;-2,246;-4,068;-10,321;-5,665;-10,674;-2,093;221,002
"distant";-6,72;-5,109;-2,516;-2,246;-4,068;-10,321;-5,665;-10,674;-2,093;231,861
"world";-3,702;-2,433;-2,167;440,553;-3,504;-6,603;20,193;-9,194;-1,803;-10,767
"4k";-5,655;1,413;-2,118;-1,89;69,312;6,08;-2,763;-0,013;-1,762;-10,521
"man";11,089;-3,399;-1,674;-1,495;1,063;-6,868;-0,037;1,033;36,331;-4,038
"cgsociety";-4,21;-3,201;65,903;2,269;131,955;-6,466;-3,549;-6,688;-1,312;-7,832
"icon";-3,69;69,236;-0,072;-1,233;0,499;-5,667;-3,111;4,494;-1,149;-4,582
"country";-1,652;274,558;-1,969;0,083;0,005;-5,814;-4,434;-8,354;-1,638;-9,784
"award";-5,127;59,401;-0,372;-1,714;-0,258;2,418;-4,323;-2,435;0,18;-1,081
"arm";-5,788;-4,4;657,278;-1,935;-3,504;-4,656;-4,879;-9,194;1,101;-4,496
"svg";-5,655;431,119;-2,118;-1,89;-3,424;-8,686;-4,768;-4,726;-1,762;-10,521
"mm";-5,127;-3,898;-1,92;-1,714;-1,288;-7,875;236,878;-1,275;-1,597;-3,457
"lightning";-3,451;334,7;-2,068;-1,846;-0,382;-8,483;-4,656;-4,534;-1,72;-7,895
"hd";-4,08;0,607;-1,528;-0,066;-0,761;-4,068;-0,001;43,421;-0,035;-3,39
"depth";-5,259;-3,998;-1,969;-1,758;3,734;-3,921;168,95;-2,599;-1,638;-5,374
"beautiful";-3,431;-2,608;-1,285;-1,147;9,718;-5,269;-2,892;5,61;66,809;-1,075
"quality";-4,996;-3,798;-1,871;4,068;81,921;-7,673;16,221;-0,039;-0,154;-9,294
"dark";-4,08;-3,102;-1,528;-1,364;-2,47;-6,266;0,337;13,724;-0,035;13,258
"coat";-5,127;-3,898;746,378;-1,714;-3,104;-7,875;-4,323;-8,145;-1,597;-3,457
"communist";10,572;145,639;-1,969;-1,758;-1,357;-8,077;-4,434;-6,073;1,494;-9,784
"europe";-3,69;18,684;-1,382;88,497;-0,001;-5,667;0,023;-0,823;-1,149;-4,582
"cloud";-4,21;-3,201;-1,576;-1,407;-2,549;-0,022;-3,549;-6,688;-0,048;87,468
"hold";-0,301;0,417;-0,708;-0,632;8,947;-2,904;-1,594;3,092;3,868;-1,469
"eye";-3,56;-2,707;-1,333;-1,19;-0,521;0,066;0,752;-0,106;-1,109;18,105
"wear";-3,69;-2,805;-1,382;-1,233;-0,579;46,305;-3,111;-0,823;23,568;-4,582
"draw";-4,471;-3,399;8,1;-0,123;-0,094;33,147;-3,77;0,309;-0,078;-5,987
"bolt";-2,831;342,756;-1,821;-1,626;-2,945;-7,471;-4,101;-3,593;-1,515;-9,049
"angry";7,341;-1,923;-0,947;-0,846;-1,531;-3,885;48,661;-1,957;0,089;-2,54
"war";14,446;-2,118;-1,043;11,668;-0,21;-2,203;-2,349;0,043;-0,868;-0,006
"distance";-4,08;-3,102;-1,528;-1,364;-2,47;-6,266;-0,001;-6,481;-0,035;100,745
"shape";-1,41;-2,51;-1,236;-1,104;6,032;-5,071;-2,783;45,691;1,145;-3,891
"realism";144,992;-3,399;-1,674;-1,495;5,614;-6,868;-0,603;-7,103;-1,393;-5,987
"vexillology";-4,471;377,501;-1,674;-1,495;-2,707;-6,868;-3,77;-7,103;-1,393;-8,318
"muscular";-4,471;-3,399;-1,674;-1,495;-2,707;-6,868;-3,77;-7,103;-1,393;154,277
"battle";-2,786;-2,118;-1,043;-0,931;-1,687;-4,279;-2,349;-4,426;-0,868;96,134
"shout";-2,018;-1,534;-0,756;-0,675;-1,222;0,085;96,579;-3,206;-0,629;-3,755
"oil";-3,431;-2,608;-1,285;-1,147;-2,077;-3,122;-2,892;-0,588;338,714;-0,292
"dress";-1,41;-2,51;-1,236;-1,104;-0,409;63,644;-2,783;-5,245;0,001;-0,207
"ultra";-3,044;-2,314;-1,14;-1,017;34,668;-2,567;10,925;-1,191;-0,948;0,063
"film";-4,08;-3,102;-1,528;-1,364;-2,47;-1,091;212,612;-2,51;-1,271;-7,59
"kiss";14,448;-1,341;-0,66;-0,59;-1,068;-0,034;5,953;-2,802;4,36;-3,281
"photorealistic";-2,658;-2,021;-0,995;1,687;15,133;-2,023;-0,56;-2,141;113,79;-4,944
"grain";-3,95;-3,003;-1,479;-1,32;-2,391;-6,066;279,667;-6,274;-1,23;-5,047
"unreal";-2,658;-2,021;-0,995;-0,888;53,717;4,692;-2,241;-0,079;-0,828;-2,761
"long";-3,56;-2,707;-1,333;-1,19;-2,155;-5,468;271,08;-5,656;-1,109;-6,623
"engine";-2,658;-2,021;-0,995;-0,888;41,854;4,692;-2,241;0,096;-0,828;-2,761
"stripe";-3,69;-2,805;6,031;-1,233;-2,234;-5,667;-3,111;-5,861;-1,149;87,717
"space";-2,915;-2,216;-0,001;-0,974;-1,765;-4,477;71,479;5,624;-0,908;-5,423
"putin";1,322;-2,707;-1,333;-0,014;-2,155;-1,69;12,018;-0,703;0,915;0,707
"hand";-2,915;-2,216;-1,091;-0,974;-1,765;49,476;-2,457;1,539;-0,908;-3,209
"flare";-3,69;-2,805;-1,382;-1,233;-2,234;-5,667;280,95;-5,861;-1,149;-6,865
"fight";0,313;-1,923;-0,947;0,052;-0,127;-0,018;29,614;-1,957;-0,788;-1,037
"beam";-3,69;-2,805;-1,382;-1,233;-2,234;-5,667;-3,111;-5,861;-1,149;127,316
"zelensky";160,455;-2,314;-1,14;-1,017;-1,843;-2,567;-2,566;-2,706;-0,948;-5,662
"splash";-3,56;-2,707;-1,333;-1,19;-2,155;-5,468;229,969;-1,827;-1,109;-6,623
"front";-3,044;-2,314;-1,14;-1,017;-1,843;8,283;-2,566;30,835;-0,948;-3,435
"russian";55,72;-2,021;-0,995;-0,888;-1,609;-4,082;-2,241;-2,141;6,57;0,001
"epic";-0,091;-2,118;17,454;-0,931;50,467;-2,203;-2,349;-4,426;0,04;-0,396
"bokeh";-3,431;-2,608;-1,285;-1,147;-0,464;-5,269;240,276;-5,45;-1,069;-6,383
"socialist";211,926;-2,51;-1,236;-1,104;-1,999;-5,071;-2,783;-5,245;-1,028;-6,142
"shallow";-3,302;-2,51;-1,236;-1,104;-1,999;-5,071;251,381;-5,245;-1,028;-6,142
"photography";-1,41;-2,51;-1,236;-1,104;-1,999;2,301;60,331;-3,09;4,462;-6,142
"photograph";-3,172;-0,014;-1,188;-1,06;-1,921;2,672;3,24;4,396;1,279;-3,662
"flat";-1,51;-0,002;-0,565;-0,505;-0,914;-0,539;-1,273;29,929;0,708;-2,809
"anamorphic";-3,302;-2,51;-1,236;-1,104;-1,999;-5,071;251,381;-5,245;-1,028;-6,142
"alexander";203,639;-2,412;-1,188;-1,06;-1,921;-4,873;-2,675;-5,039;-0,988;-5,902
"resolution";-3,172;-2,412;-1,188;-1,06;24,27;0;-0,068;13,873;-0,988;-5,902
"modern";-2,274;8,404;-0,851;77,475;-1,376;-3,492;-1,917;0;2,745;-4,23
"minimalist";-3,172;31,523;-1,188;-1,06;0,963;-0,314;-2,675;4,396;0,005;-5,902
"suit";-0,878;-0,667;-0,329;-0,293;0,567;0,812;-0,74;-1,394;55,664;-1,633
"single";-2,658;-2,021;-0,995;-0,888;-0,167;-4,082;0,561;0,814;-0,828;20,423
"professional";-2,401;-1,826;-0,899;-0,803;-0,091;-3,688;10,868;5,739;0,123;0,061
"perfect";-2,915;-2,216;-1,091;-0,974;7,74;28,285;-2,457;-0,208;-0,908;-1,573
"pattern";-2,53;149,174;-0,947;-0,846;0,274;-3,885;-2,133;-4,018;-0,788;-2,54
"masterpiece";-2,018;-1,534;-0,756;-0,675;45,717;-3,1;14,695;-1,241;-0,629;-1,677
"gta";-2,401;-1,826;-0,899;-0,803;-1,454;3,421;52,265;-0,505;-0,748;-4,468
"earth";-1,383;-1,051;-0,518;5,792;-0,837;-2,124;9,268;0,923;0,88;-0,689
"burn";-3,044;-2,314;-1,14;-1,017;-0,305;-4,675;-2,566;-1,191;-0,948;75,156
"brexit";-0,375;-0,285;-0,14;-0,125;-0,227;-0,576;-0,316;-0,596;-0,117;12,945
"texture";-2,146;-1,631;-0,803;-0,717;21,032;-3,296;7,896;2,061;-0,668;-1,889
"press";-2,53;-1,923;-0,947;-0,846;-1,531;82,02;-0,481;-4,018;0,089;-4,706
"picture";-2,401;1,233;-0,899;0,079;-1,454;0,351;-0,405;-0,008;2,458;0,702
"person";-0,385;-1,534;-0,756;-0,675;45,717;-3,1;-0,201;0,837;-0,629;-0,426
"line";-2,915;-2,216;9,148;-0,974;-0,256;-4,477;-2,457;21,467;20,994;-3,209
"installin";-2,915;-2,216;-1,091;-0,974;-1,765;-4,477;-2,457;-4,63;-0,908;100,571
"future";-2,915;223,216;-1,091;-0,974;-0,256;-4,477;-2,457;-4,63;-0,908;-5,423
"empire";-2,018;-1,534;-0,756;338,725;-1,222;-3,1;-1,701;-3,206;0,282;-3,755
"city";-0,866;16,366;0,004;-0,888;-0,167;-4,082;-2,241;-0,76;6,57;1,317
"show";1,136;6,959;-0,423;-0,378;0,231;-1,736;0,027;-1,795;1,364;-0,354
"raise";-2,786;-2,118;-1,043;-0,931;0,146;-4,279;-2,349;-4,426;-0,868;75,803
"pustoviyt";178,844;-2,118;-1,043;-0,931;-1,687;-4,279;-2,349;-4,426;-0,868;-5,183
"hyperrealistic";-2,786;-2,118;-1,043;0,017;8,425;-4,279;-0,641;-2,328;1,772;18,604
"head";-1,383;-1,051;43,643;-0,462;-0,837;1,027;-1,166;-0,446;-0,431;-0,003
"havrylo";178,844;-2,118;-1,043;-0,931;-1,687;-4,279;-2,349;-4,426;-0,868;-5,183
"gold";-2,786;-2,118;53,25;0,017;1,493;-4,279;-2,349;6,349;-0,868;-1,389
"girl";-2,658;-2,021;-0,995;-0,888;-1,609;-2,023;-2,241;-4,222;-0,828;81,258
"fire";-2,018;-1,534;-0,756;-0,675;22,99;-3,1;1,599;8,666;-0,629;-3,755
"deni";178,844;-2,118;-1,043;-0,931;-1,687;-4,279;-2,349;-4,426;-0,868;-5,183
"british";-2,401;-1,826;12,411;-0,803;26,186;-3,688;6,3;-3,815;2,458;-2,321
"abstract";-2,53;-1,923;-0,947;-0,846;10,024;-3,885;-2,133;27,713;7,129;-4,706
"trident";-2,658;-2,021;-0,995;-0,888;-1,609;-4,082;-2,241;-4,222;-0,828;91,703
"studio";-1,764;-1,341;-0,66;-0,59;39,949;-2,709;11,254;-0,052;-0,549;-3,281
"ruin";-2,274;-1,729;-0,851;-0,76;-1,376;-3,492;-1,917;-3,612;-0,708;78,446
"hyperdetailed";-1,004;-0,763;-0,376;9,22;56,888;-1,542;-0,846;-1,595;-0,313;-1,867
"clothe";-1,51;-1,148;-0,565;-0,505;-0,914;2,665;-1,273;-2,398;-0,47;18,087
"big";-1,764;-1,341;-0,66;-0,59;0;-2,709;-1,487;-2,802;-0,549;50,612
"smoke";-1,637;-1,244;-0,613;-0,547;-0,991;27,433;-1,38;-0,744;4,933;-1,066
"military";-2,401;-1,826;-0,899;0,079;-1,454;76,762;-2,025;-3,815;0,123;-4,468
"magazine";-2,53;-1,923;-0,947;-0,846;-1,531;93,492;-2,133;-1,957;-0,788;-4,706
"gradient";-2,018;-1,534;-0,756;-0,675;136,381;-3,1;-0,201;-0,192;-0,629;-3,755
"deco";-1,51;37,691;0,424;-0,505;-0,914;-2,319;-1,273;0,626;-0,47;-0,874
"colorful";-2,53;-1,923;0,014;1,894;1,973;-3,885;-2,133;16,425;0,089;-0,196
"western";-2,401;-1,826;-0,899;-0,803;-1,454;-3,688;-2,025;-3,815;-0,748;82,859
"street";-0,752;-0,572;-0,282;2,512;17,031;-1,155;-0,634;1,229;-0,234;-1,399
"scheme";-1,256;-0,955;-0,47;-0,42;0,136;-0,276;-1,059;29,351;-0,391;-2,337
"roman";-1,256;-0,955;-0,47;17,691;2,594;-1,93;-1,059;-0,312;19,264;-0,515
"president";-2,274;-1,729;-0,851;0,114;-1,376;51,355;-1,917;-1,593;0,166;-2,103
"middle";-2,401;36,405;-0,899;0,079;-1,454;-0,441;-2,025;5,739;-0,748;-4,468
"marine";-1,383;-1,051;-0,518;-0,462;-0,837;-0,402;85,202;-2,197;-0,431;-2,573
"dragon";-2,018;-1,534;58,505;18,537;-1,222;-1,159;-1,701;0,837;-0,629;-3,755
"composition";-1,764;-1,341;-0,66;-0,59;70,924;-2,709;-1,487;0,244;0,453;-1,265
"colour";-1,891;-1,438;-0,708;-0,632;0,923;-2,904;-1,594;35,379;3,868;-3,518
"circle";-1,891;-1,438;17,506;-0,632;-1,145;-2,904;-1,594;20,716;-0,589;-0,301
"canvas";-1,637;-1,244;-0,613;-0,547;-0,991;-2,514;-1,38;-0,013;194,916;-1,066
"triumph";-2,274;-1,729;-0,851;-0,76;-1,376;-3,492;-1,917;-3,612;-0,708;78,446
"simple";-2,018;-1,534;-0,756;-0,675;-1,222;-3,1;-1,701;31,913;10,109;-0,426
"reddit";-2,274;191,95;-0,851;-0,76;-1,376;-3,492;-1,917;-3,612;-0,708;-4,23
"patch";-2,146;-1,631;0,081;-0,717;-0,034;-3,296;-1,809;-0,285;-0,668;37,33
"mouth";-1,13;-0,859;-0,423;-0,378;-0,684;-1,736;66,205;-0,194;-0,352;-2,102
"legacy";-2,274;191,95;-0,851;-0,76;-1,376;-3,492;-1,917;-3,612;-0,708;-4,23
"golden";-1,637;-1,244;3,665;-0,547;-0,991;-2,514;-1,38;19,222;0,568;-0,103
"game";-1,13;-0,859;-0,423;-0,378;3,201;-1,736;0,027;16,47;-0,352;-2,102
"cross";-0,501;-0,381;-0,187;-0,167;-0,303;-0,769;38,114;-0,795;-0,156;-0,931
"artwork";-1,637;-1,244;-0,613;-0,547;30,733;-2,514;12,749;-0,744;0,568;-3,045
"america";-0,501;-0,381;-0,187;4,598;1,984;-0,769;-0,422;3,25;-0,156;-0,931
"watch";-2,146;-1,631;-0,803;-0,717;-1,299;-3,296;-1,809;-3,409;-0,668;74,039
"vibrant";-1,004;2,71;-0,376;-0,336;37,889;-1,542;-0,846;-1,595;1,712;-1,867
"tank";-1,256;-0,955;-0,47;-0,42;-0,761;-1,93;-1,059;-0,312;-0,391;33,326
"scene";-2,146;-1,631;146,264;-0,717;0,591;-3,296;1,318;-1,416;-0,668;-3,992
"paper";-2,018;-1,534;-0,756;0,212;-1,222;-3,1;-1,701;69,797;-0,629;-3,755
"palette";21,203;10,737;-0,518;-0,462;-0,837;-2,124;-1,166;-0,446;-0,431;-2,573
"letter";-1,891;-1,438;-0,708;-0,632;3,904;-2,904;-1,594;20,716;11,114;-3,518
"laser";-2,146;137,5;-0,803;-0,717;-0,034;-3,296;-1,809;-1,416;-0,668;-3,992
"geometric";-1,637;-0,016;-0,613;-0,547;-0,991;-0,005;-1,38;8,324;26,585;-3,045
"era";88,484;-1,631;-0,803;-0,717;-1,299;-3,296;-1,809;0,015;-0,668;-3,992
"car";-2,146;-1,631;-0,803;-0,717;-1,299;-3,296;-1,809;-0,285;-0,668;54,129
"bomb";-0,501;-0,381;-0,187;-0,167;-0,303;-0,769;-0,422;-0,795;-0,156;17,272
"ussr";-0,626;-0,476;-0,234;-0,209;-0,379;-0,962;0,64;6,86;3,68;-1,165
"unite";0,073;0,28;-0,329;-0,293;-0,531;0,812;2,963;-0,026;-0,273;-1,633
"smile";-0,375;-0,285;-0,14;-0,125;-0,227;0,662;-0,316;0,613;7,306;-0,698
"pose";-0,385;-1,534;-0,756;-0,675;3,403;-1,159;-1,701;-3,206;-0,629;26,333
"panel";-1,764;126,52;-0,66;0,362;-1,068;-2,709;-1,487;-2,802;-0,549;-3,281
"officer";-2,018;-1,534;-0,756;-0,675;-0,015;72,251;-1,701;-3,206;-0,629;-3,755
"matrix";-2,018;-1,534;-0,756;-0,675;-1,222;72,251;-1,701;-3,206;-0,629;-1,677
"horror";-1,891;-1,438;202,636;-0,632;-1,145;-0,996;-0,143;-1,071;-0,589;-3,518
"hitler";-1,51;-1,148;-0,565;-0,505;-0,914;40,519;-1,273;-2,398;0,708;-0,874
"green";-1,637;-1,244;35,528;-0,547;-0,991;-0,684;-0,051;1,921;4,933;-3,045
"donald";-0,375;-0,285;-0,14;-0,125;3,185;5,697;-0,316;-0,596;-0,117;-0,698
"anime";-1,891;-1,438;-0,708;-0,632;-0,003;36,778;-0,143;-3,004;0,36;-1,469
"amaze";-1,891;-1,438;-0,708;-0,632;16,051;-2,904;-1,594;-0,113;0,36;7,668
"vladimir";-1,764;-1,341;-0,66;-0,59;-1,068;-0,034;26,877;0,244;-0,549;-0,192
"urinal";-1,891;-1,438;-0,708;-0,632;-1,145;79,023;-1,594;-3,004;-0,589;-3,518
"table";-1,383;-1,051;-0,518;-0,462;-0,837;-2,124;67,231;-2,197;-0,431;-0,003
"sky";-1,891;-1,438;-0,708;-0,632;16,051;-2,904;-1,594;14,847;-0,589;-0,301
"sickle";-1,891;159,64;-0,708;-0,632;-1,145;-2,904;-1,594;-3,004;-0,589;-3,518
"screenshot";-1,004;-0,763;-0,376;-0,336;-0,608;0,473;2,237;6,518;-0,313;-1,867
"news";-0,501;-0,381;-0,187;-0,167;-0,303;0,236;-0,422;9,924;-0,156;-0,931
"natural";-1,891;-1,438;-0,708;-0,632;-1,145;79,023;-1,594;-3,004;-0,589;-3,518
"minister";-0,501;-0,381;-0,187;-0,167;11,339;-0,769;-0,422;-0,795;-0,156;2,546
"image";-1,764;-1,341;-0,66;22,179;-1,068;-2,709;5,953;-0,905;-0,549;2,629
"house";-1,891;-1,438;0,172;-0,632;-1,145;-2,904;-1,594;9,953;36,821;-0,301
"hammer";-1,891;159,64;-0,708;-0,632;-1,145;-2,904;-1,594;-3,004;-0,589;-3,518
"hair";-1,891;-1,438;-0,708;-0,632;-1,145;66,966;-1,594;-3,004;-0,589;-1,469
"behance";-1,51;0,978;-0,565;-0,505;0,032;-2,319;-1,273;29,929;-0,47;-2,809
"view";-1,51;-1,148;-0,565;-0,505;0,032;5,863;-1,273;0,626;15,171;-2,809
"symmetry";-0,878;-0,667;-0,329;-0,293;13,822;-0,017;-0,74;0,736;-0,273;-0,096
"stylize";-1,13;-0,859;-0,423;-0,378;0,231;-1,736;-0,953;34,313;-0,352;-2,102
"station";-1,13;-0,859;-0,423;-0,378;-0,684;-0,166;-0,953;0,211;-0,352;13,539
"st";-1,764;-1,341;-0,66;-0,59;-1,068;-2,709;-1,487;-2,802;12,268;32,959
"shoulder";-1,764;-1,341;-0,66;-0,59;-1,068;-2,709;-1,487;-2,802;-0,549;60,852
"scream";-1,764;-1,341;-0,66;-0,59;-1,068;12,039;26,877;-2,802;-0,549;-3,281
"rotten";-1,764;-1,341;-0,66;-0,59;-1,068;-2,709;-1,487;-2,802;-0,549;60,852
"retro";-0,752;-0,572;-0,282;-0,251;6,382;-1,155;-0,634;10,958;-0,234;-1,399
"post";14,448;-1,341;-0,66;-0,59;4,487;-2,709;-1,487;3,76;-0,549;-3,281
"moebius";-0,375;-0,285;-0,14;-0,125;-0,227;-0,576;1,979;-0,596;7,306;0,413
"meet";-1,764;-1,341;-0,66;-0,59;-1,068;-0,034;78,209;-0,905;-0,549;-3,281
"jean";65,211;-1,341;-0,66;-0,59;4,487;-2,709;-1,487;-2,802;-0,549;-3,281
"isometric";-1,51;-1,148;0,424;-0,505;22,22;-0,539;-0,02;0;-0,47;-0,038
"historical";-1,764;-1,341;181,92;-0,59;-1,068;-2,709;-1,487;-0,905;4,36;-3,281
"heraldry";-1,764;-1,341;302,338;-0,59;-1,068;-2,709;-1,487;-2,802;-0,549;-3,281
"glow";-1,764;-1,341;-0,66;-0,59;1,14;4,033;-1,487;3,76;-0,549;-0,192
"fat";-0,626;-0,476;-0,234;-0,209;40,897;-0,962;-0,528;-0,995;-0,195;0,004
"depict";-1,764;-1,341;-0,66;-0,59;-1,068;12,039;-1,487;1,48;-0,549;0,062
"crystal";-1,51;-1,148;215,623;-0,505;-0,914;-2,319;-1,273;-0,591;-0,47;-2,809
"close";-1,637;-0,016;-0,613;-0,547;-0,991;-2,514;-1,38;4,561;65,466;-1,066
"center";-1,256;-0,955;-0,47;0,941;-0,761;0,114;-1,059;8,158;7,385;-2,337
"warship";-1,637;-1,244;-0,613;-0,547;-0,991;-2,514;-1,38;-2,6;-0,51;56,468
"unique";-1,637;138,172;-0,613;-0,547;-0,991;-2,514;-1,38;-2,6;-0,51;-3,045
"ukraine";-0,375;-0,285;-0,14;-0,125;-0,227;-0,576;-0,316;-0,596;7,306;4,495
"selfie";-1,637;-1,244;-0,613;-0,547;0,009;27,433;-1,38;-2,6;-0,51;0,154
"select";-1,637;138,172;-0,613;-0,547;-0,991;-2,514;-1,38;-2,6;-0,51;-3,045
"rome";-1,637;-1,244;-0,613;-0,547;120,845;-2,514;-1,38;-2,6;-0,51;-0,103
"prime";-0,375;-0,285;-0,14;-0,125;3,185;-0,576;-0,316;-0,596;-0,117;4,495
"plasma";-1,637;138,172;-0,613;-0,547;-0,991;-2,514;-1,38;-2,6;-0,51;-3,045
"medieval";-1,637;-1,244;161,387;-0,547;0,009;-2,514;-1,38;-2,6;0,568;-1,066
"iv";-0,752;-0,572;-0,282;-0,251;-0,455;20,179;-0,634;0;-0,234;-1,399
"happy";-1,13;0,068;-0,423;-0,378;-0,684;-1,736;-0,953;-0,194;-0,352;20,561
"gloomy";-1,637;-1,244;197,473;-0,547;-0,991;-2,514;-1,38;-0,013;-0,51;-3,045
"futuristic";-1,51;-1,148;-0,565;-0,505;65,866;-2,319;-1,273;-0,591;5,608;-0,874
"cnc";-1,637;138,172;-0,613;-0,547;-0,991;-2,514;-1,38;-2,6;-0,51;-3,045
"clean";-1,637;0,747;-0,613;-0,547;-0,991;-2,514;-1,38;43,997;-0,51;-3,045
"vintage";-1,51;-1,148;-0,565;-0,505;-0,914;10,305;-1,273;9,803;-0,47;-2,809
"theme";-1,51;85,185;0,424;-0,505;-0,914;-2,319;-1,273;-0,591;-0,47;-2,809
"stun";-1,13;-0,859;-0,423;-0,378;119,811;-1,736;-0,953;-1,795;-0,352;-2,102
"struzan";-1,51;-1,148;-0,565;-0,505;-0,914;63,093;-1,273;-2,398;-0,47;-2,809
"stanley";-1,004;-0,763;-0,376;-0,336;0,369;-1,542;26,204;-1,595;-0,313;0,199
"rembrandt";-1,51;-1,148;215,623;-0,505;-0,914;-2,319;-1,273;-2,398;0,708;-2,809
"radiant";-1,51;-1,148;-0,565;-0,505;-0,914;63,093;-1,273;-2,398;-0,47;-2,809
"psychedelic";-0,375;-0,285;-0,14;-0,125;3,185;0,662;-0,316;0,613;-0,117;-0,698
"leader";-1,383;0,003;-0,518;-0,462;-0,837;-2,124;51,386;0,021;-0,431;-2,573
"inside";-1,51;-1,148;82,284;-0,505;-0,914;0,003;-1,273;0,626;-0,47;-2,809
"heraldic";-1,51;-1,148;215,623;-0,505;-0,914;-2,319;-1,273;-0,591;-0,47;-2,809
"grey";-0,375;-0,285;-0,14;-0,125;3,185;-0,576;-0,316;-0,596;-0,117;4,495
"fully";-0,375;-0,285;-0,14;-0,125;-0,227;-0,576;-0,316;-0,596;-0,117;12,945
"foggy";-1,51;-1,148;215,623;-0,505;-0,914;-2,319;-1,273;-2,398;-0,47;-0,874
"fly";-1,51;51,4;-0,565;-0,505;5,982;-2,319;-1,273;-0,591;-0,47;-2,809
"dracula";-1,51;-1,148;-0,565;-0,505;-0,914;0,003;76,5;-2,398;-0,47;-2,809
"dog";-1,51;-1,148;-0,565;-0,505;-0,914;-0,539;94,748;-2,398;-0,47;-2,809
"david";-1,383;-1,051;-0,518;-0,462;-0,837;26,333;-1,166;0,923;-0,431;-2,573
"cover";-1,51;-1,148;-0,565;0,589;1,721;-2,319;7,962;5,527;-0,47;-2,809
"artist";-0,501;-0,381;-0,187;-0,167;1,984;3,417;-0,422;0,208;-0,156;-0,931
"work";-0,752;-0,572;-0,282;-0,251;-0,455;5,132;0,357;0;-0,234;-0,019
"skyrim";-1,383;-1,051;-0,518;-0,462;-0,837;-2,124;105,298;-2,197;-0,431;-2,573
"sith";88,771;-1,051;-0,518;-0,462;-0,837;-2,124;-1,166;-2,197;-0,431;-2,573
"sit";0,786;-0,381;-0,187;-0,167;-0,303;-0,769;-0,422;3,25;-0,156;0,099
"pee";-1,383;-1,051;-0,518;-0,462;-0,837;57,797;-1,166;-2,197;-0,431;-2,573
"neo";-1,256;-0,955;-0,47;-0,42;-0,761;40,739;-1,059;-1,996;-0,391;-0,515
"national";-1,383;29,462;-0,518;-0,462;-0,837;-2,124;-1,166;-2,197;-0,431;5,13
"minimalism";-1,004;-0,763;-0,376;-0,336;-0,608;-1,542;-0,846;40,562;-0,313;-1,867
"love";-0,501;-0,381;-0,187;-0,167;-0,303;0,236;19,961;-0,795;-0,156;-0,931
"lord";31,004;-1,051;-0,518;-0,462;-0,837;-0,402;-1,166;-2,197;0,88;-0,003
"lifelike";-0,626;-0,476;-0,234;-0,209;-0,379;-0,962;-0,528;-0,995;-0,195;21,604
"key";-1,383;-1,051;-0,518;-0,462;-0,837;35,464;-0,002;-2,197;0,88;-2,573
"juncker";88,771;-1,051;-0,518;-0,462;-0,837;-2,124;-1,166;-2,197;-0,431;-2,573
"james";-0,878;-0,667;-0,329;-0,293;13,822;0,812;-0,74;-0,026;2,17;-1,633
"horse";-0,501;-0,381;-0,187;-0,167;-0,303;-0,769;-0,422;20,228;-0,156;-0,931
"hopper";-1,383;-1,051;-0,518;-0,462;-0,837;-2,124;-1,166;-2,197;233,685;-0,689
"graphic";-1,383;-1,051;-0,518;-0,462;-0,837;-2,124;-1,166;55,884;-0,431;-2,573
"frame";-1,383;-1,051;65,149;-0,462;-0,837;0,036;-1,166;-2,197;-0,431;0,515
"filter";-0,878;-0,667;-0,329;-0,293;-0,531;25,256;-0,74;-1,394;-0,273;-0,096
"facial";-1,383;-1,051;-0,518;-0,462;6,954;18,558;-1,166;-2,197;0,88;-2,573
"eat";-0,501;-0,381;-0,187;-0,167;-0,303;-0,769;1,116;-0,795;5,031;2,546
"detailded";-1,383;-1,051;237,08;-0,462;-0,837;-2,124;-1,166;-2,197;-0,431;-2,573
"cry";-1,256;-0,955;-0,47;-0,42;-0,761;-1,93;58,045;0,087;-0,391;-2,337
"crown";-0,626;-0,476;2,838;-0,209;-0,379;-0,962;-0,528;1,998;-0,195;1,468
"contrast";-0,375;-0,285;-0,14;-0,125;3,185;-0,576;-0,316;5,468;-0,117;-0,698
"colosseum";-1,383;-1,051;-0,518;-0,462;25,05;-2,124;-1,166;-2,197;53,512;-0,689
"claude";88,771;-1,051;-0,518;-0,462;-0,837;-2,124;-1,166;-2,197;-0,431;-2,573
"circuit";-1,004;63,138;-0,376;-0,336;0,369;-1,542;-0,846;-1,595;-0,313;-1,867
"character";-1,256;-0,955;-0,47;-0,42;0,136;21,675;-1,059;-0,312;-0,391;-0,515
"cathedral";-1,383;-1,051;-0,518;-0,462;-0,837;-2,124;-1,166;-2,197;-0,431;47,717
"bolsonaro";-1,383;-1,051;-0,518;-0,462;-0,837;45,952;-0,002;-2,197;-0,431;-2,573
"berlin";-1,256;-0,955;-0,47;-0,42;-0,761;52,508;-1,059;-1,996;-0,391;-2,337
"basil";-1,383;-1,051;-0,518;-0,462;-0,837;-2,124;-1,166;-2,197;-0,431;47,717
"ancient";-1,256;-0,955;-0,47;-0,42;61,114;-1,93;-1,059;0,087;-0,391;-0,515
"year";-1,256;-0,955;-0,47;-0,42;-0,761;-1,93;-1,059;-1,996;207,895;-0,515
"wlop";24,403;-0,955;-0,47;-0,42;16,756;-1,93;-1,059;-1,996;-0,391;-2,337
"watercolor";-0,626;-0,476;-0,234;-0,209;-0,379;-0,962;-0,528;25,301;-0,195;-1,165
"visible";-0,501;-0,381;3,965;-0,167;-0,303;0,236;-0,422;-0,795;5,031;0,099
"tree";-1,256;0,023;0,723;-0,42;-0,761;-1,93;-1,059;13,765;-0,391;0,009
"shadow";-1,256;-0,955;-0,47;-0,42;61,114;-1,93;0,003;0,087;-0,391;-2,337
"point";1,507;-0,285;-0,14;-0,125;3,185;-0,576;-0,316;0,613;-0,117;-0,698
"planet";-1,004;-0,763;-0,376;-0,336;0,369;-1,542;26,204;0,416;-0,313;-1,867
"pixar";-0,878;-0,667;-0,329;-0,293;-0,531;0,812;31,288;-1,394;-0,273;-1,633
"pencil";-1,256;-0,955;-0,47;-0,42;-0,761;-1,93;-1,059;8,158;-0,391;6,389
"party";9,241;-0,572;-0,282;-0,251;0,857;-1,155;-0,634;1,229;-0,234;-1,399
"parliament";-1,13;-0,859;0,938;-0,378;-0,684;10,448;0,027;-1,795;8,582;-2,102
"magic";-0,752;0,487;11,769;-0,251;0,857;0,002;-0,634;-1,194;-0,234;-0,019
"macron";-1,256;-0,955;-0,47;-0,42;-0,761;1,444;42,742;-1,996;-0,391;-2,337
"illumination";-1,256;-0,955;-0,47;-0,42;-0,761;40,739;-1,059;-1,996;-0,391;-0,515
"iconic";-1,256;-0,955;-0,47;-0,42;-0,761;-1,93;-1,059;50,77;-0,391;-2,337
"great";-1,256;-0,955;-0,47;0,941;43,246;-0,276;-1,059;-1,996;-0,391;0,009
"global";-1,256;-0,955;-0,47;-0,42;-0,761;52,508;-1,059;-1,996;-0,391;-2,337
"german";0,403;-0,476;-0,234;3,338;8,35;-0,962;-0,528;-0,995;3,68;-1,165
"environment";-1,256;-0,955;-0,47;-0,42;-0,761;40,739;-1,059;-1,996;1,094;-2,337
"emblem";-1,256;-0,955;29,799;-0,42;-0,761;-1,93;-1,059;13,765;-0,391;-2,337
"dalo";-1,256;-0,955;-0,47;6,698;-0,761;0,114;-1,059;4,01;7,385;-2,337
"contest";-1,256;21,725;-0,47;-0,42;-0,761;-1,93;-1,059;8,158;-0,391;-2,337
"computer";80,648;-0,955;-0,47;-0,42;-0,761;-1,93;-1,059;-1,996;-0,391;-2,337
"border";-0,501;-0,381;-0,187;-0,167;-0,303;-0,769;-0,422;0,208;-0,156;8,27
"beard";-1,256;-0,955;-0,47;-0,42;-0,761;-1,93;-1,059;-1,996;-0,391;43,351
"apple";-0,501;-0,381;3,965;-0,167;-0,303;-0,769;19,961;-0,795;-0,156;-0,931
"airbrush";-1,13;-0,859;-0,423;-0,378;-0,684;47,226;-0,953;-1,795;-0,352;-2,102
"3d";-1,256;-0,955;-0,47;-0,42;106,097;-1,93;-1,059;-0,312;-0,391;-2,337
"yell";55,537;-0,859;-0,423;-0,378;-0,684;-1,736;-0,953;-1,795;1,364;-2,102
"warhammer";-1,13;-0,859;-0,423;-0,378;-0,684;-1,736;66,205;-1,795;-0,352;-0,354
"truss";-0,375;-0,285;-0,14;-0,125;16,369;-0,576;1,979;-0,596;-0,117;-0,698
"time";-0,752;-0,572;-0,282;2,512;0,857;-1,155;-0,634;10,958;-0,234;-1,399
"steve";-1,13;-0,859;-0,423;-0,378;-0,684;25,525;-0,953;-1,795;-0,352;0,068
"stencil";-1,13;95,405;-0,423;-0,378;-0,684;-1,736;-0,953;-1,795;-0,352;-2,102
"shake";-1,13;-0,859;-0,423;-0,378;-0,684;47,226;-0,953;-1,795;-0,352;-2,102
"sculpture";-0,878;-0,667;-0,329;-0,293;-0,531;-1,348;2,963;-0,026;29,865;-0,096
"screen";-1,13;-0,859;-0,423;-0,378;-0,684;0,252;48,966;-1,795;-0,352;-2,102
"sci";-1,13;54,627;-0,423;-0,378;-0,684;-1,736;-0,953;0,211;-0,352;-2,102
"salvador";-1,13;-0,859;-0,423;7,814;-0,684;0,252;-0,953;5,103;1,364;-2,102
"print";-1,13;-0,859;-0,423;7,814;-0,684;-1,736;-0,953;9,977;8,582;-2,102
"official";-1,13;-0,859;33,925;1,189;-0,684;-0,166;-0,953;-1,795;22,005;-2,102
"minimal";-0,878;-0,667;-0,329;-0,293;-0,531;-1,348;-0,74;24,365;2,17;-1,633
"mccurry";-1,13;-0,859;-0,423;-0,378;-0,684;25,525;-0,953;-1,795;-0,352;0,068
"lot";-1,13;-0,859;0,938;-0,378;-0,684;1,995;12,819;-1,795;1,364;-2,102
"joker";40,805;-0,859;-0,423;-0,378;0,231;-0,166;-0,953;-1,795;-0,352;-2,102
"jeremy";-1,13;-0,859;-0,423;-0,378;-0,684;-1,736;86,039;-1,795;-0,352;-2,102
"human";-0,752;-0,572;-0,282;-0,251;-0,455;-1,155;0,357;0;-0,234;9,008
"hot";-1,13;-0,859;-0,423;-0,378;-0,684;-1,736;86,039;-1,795;-0,352;-2,102
"fi";-1,13;54,627;-0,423;-0,378;-0,684;-1,736;-0,953;0,211;-0,352;-2,102
"feature";-1,004;-0,763;-0,376;-0,336;-0,608;-1,542;-0,846;29,321;1,712;-1,867
"emmanuel";-1,13;-0,859;-0,423;-0,378;-0,684;1,995;34,322;-1,795;-0,352;-2,102
"direct";-1,13;-0,859;-0,423;-0,378;-0,684;10,448;-0,953;-1,795;1,364;1,243
"cyan";-1,13;73,604;-0,423;-0,378;-0,684;-1,736;-0,953;-0,194;-0,352;-2,102
"count";-1,13;-0,859;-0,423;-0,378;-0,684;-1,736;86,039;-1,795;-0,352;-2,102
"clear";-0,878;-0,667;-0,329;-0,293;-0,531;-1,348;9,072;3,526;2,17;-1,633
"clarkson";-1,13;-0,859;-0,423;-0,378;-0,684;-1,736;86,039;-1,795;-0,352;-2,102
"bay";-1,13;54,627;-0,423;-0,378;-0,684;-1,736;-0,953;-1,795;-0,352;0,068
"armin";-1,13;-0,859;-0,423;-0,378;-0,684;47,226;-0,953;-1,795;-0,352;-2,102
"app";-0,626;-0,476;-0,234;-0,209;-0,379;-0,962;-0,528;25,301;-0,195;-1,165
"usa";7,191;3,52;-0,329;-0,293;-0,531;-1,348;-0,74;-0,026;-0,273;-0,096
"tom";-1,004;-0,763;-0,376;-0,336;0,369;-0,077;26,204;-1,595;-0,313;-0,212
"sweden";-0,752;-0,572;-0,282;144,372;-0,455;-1,155;-0,634;-1,194;-0,234;-1,399
"sketch";-0,626;-0,476;-0,234;3,338;-0,379;-0,962;-0,528;6,86;-0,195;0,004
"site";-1,004;-0,763;-0,376;-0,336;-0,608;30,384;0,083;-1,595;-0,313;-1,867
"sign";-1,004;-0,763;-0,376;-0,336;3,978;-1,542;-0,846;12,299;-0,313;-0,212
"side";-1,004;-0,763;-0,376;-0,336;-0,608;-1,542;-0,846;6,518;25,439;-0,212
"shade";-1,004;-0,763;-0,376;-0,336;-0,608;-1,542;0,083;0,416;47,767;-0,212
"seethe";64,433;-0,763;-0,376;-0,336;-0,608;-1,542;-0,846;-1,595;-0,313;-1,867
"round";-1,004;-0,763;-0,376;-0,336;-0,608;-1,542;76,429;-1,595;-0,313;-1,867
"reptile";-0,375;-0,285;-0,14;-0,125;-0,227;-0,576;28,567;-0,596;-0,117;-0,698
"pixel";-0,752;42,424;2,103;-0,251;-0,455;-1,155;-0,634;-1,194;-0,234;-1,399
"pictorial";-1,004;-0,763;-0,376;-0,336;-0,608;-1,542;-0,846;40,562;-0,313;-1,867
"peace";0,016;-0,763;-0,376;1,509;56,888;-1,542;-0,846;-1,595;-0,313;-1,867
"ocean";-0,375;-0,285;-0,14;-0,125;-0,227;-0,576;-0,316;5,468;-0,117;0,413
"minimalistic";-1,004;-0,763;-0,376;-0,336;-0,608;-1,542;-0,846;40,562;-0,313;-1,867
"michael";-0,878;-0,667;-0,329;-0,293;-0,531;15,955;-0,74;-1,394;-0,273;0,435
"mark";-1,004;-0,763;-0,376;-0,336;-0,608;-0,077;-0,846;19,9;1,712;-1,867
"load";-1,004;-0,763;-0,376;-0,336;-0,608;0,473;40,028;-1,595;-0,313;-1,867
"laugh";-0,375;-0,285;-0,14;-0,125;3,185;-0,576;-0,316;5,468;-0,117;-0,698
"king";4,248;-0,476;-0,234;-0,209;-0,379;-0,962;5,41;-0,995;-0,195;0,004
"joe";-1,004;-0,763;-0,376;-0,336;79,734;-1,542;-0,846;-0,095;-0,313;-1,867
"ink";-0,626;-0,476;-0,234;-0,209;-0,379;-0,962;-0,528;25,301;-0,195;-1,165
"hyperrealism";-0,501;-0,381;-0,187;-0,167;-0,303;0,236;7,629;0,208;-0,156;-0,931
"hungarian";-0,375;-0,285;-0,14;-0,125;3,185;-0,576;-0,316;-0,596;-0,117;4,495
"hollande";-0,501;-0,381;-0,187;4,598;28,369;-0,769;-0,422;-0,795;-0,156;-0,931
"french";-0,752;-0,572;-0,282;2,512;32,803;0,002;-0,634;-1,194;-0,234;-1,399
"fran√ßois";-0,501;-0,381;-0,187;4,598;28,369;-0,769;-0,422;-0,795;-0,156;-0,931
"england";-0,375;12,774;-0,14;-0,125;-0,227;-0,576;-0,316;-0,596;-0,117;0,413
"edward";-1,004;-0,763;-0,376;-0,336;-0,608;-1,542;-0,846;-1,595;156,608;-0,212
"diamond";-0,501;-0,381;85,814;-0,167;-0,303;-0,769;-0,422;-0,795;-0,156;-0,931
"cut";-0,878;-0,667;-0,329;-0,293;-0,531;-1,348;-0,74;35,469;-0,273;-1,633
"costume";-1,004;-0,763;-0,376;-0,336;-0,608;-1,542;-0,846;-1,595;77,071;1,83
"chan";64,433;-0,763;-0,376;-0,336;-0,608;-1,542;-0,846;-1,595;-0,313;-1,867
"canon";-1,004;-0,763;-0,376;-0,336;-0,608;41,951;-0,846;-1,595;-0,313;-1,867
"cake";-0,375;12,774;-0,14;-0,125;3,185;-0,576;-0,316;-0,596;-0,117;-0,698
"bold";-1,004;-0,763;-0,376;-0,336;-0,608;-1,542;-0,846;40,562;-0,313;-1,867
"apocalyptic";33,291;-0,763;-0,376;-0,336;-0,608;-1,542;-0,846;0,416;-0,313;-1,867
"angle";-0,375;-0,285;-0,14;-0,125;-0,227;-0,576;-0,316;5,468;-0,117;0,413
"anatomy";-1,004;-0,763;-0,376;-0,336;-0,608;30,384;-0,846;-1,595;-0,313;-0,212
"write";-0,878;3,52;73,927;-0,293;-0,531;-1,348;-0,74;-1,394;-0,273;-1,633
"woman";-0,501;-0,381;-0,187;-0,167;1,984;3,417;-0,422;0,208;-0,156;-0,931
"vision";-0,878;-0,667;-0,329;-0,293;-0,531;15,955;-0,74;-1,394;-0,273;0,435
"vexillogy";-0,878;74,106;-0,329;-0,293;-0,531;-1,348;-0,74;-1,394;-0,273;-1,633
"universe";-0,375;-0,285;-0,14;-0,125;-0,227;-0,576;-0,316;5,468;7,306;-0,698
"uk";-0,626;-0,476;-0,234;-0,209;-0,379;-0,962;47,674;-0,995;-0,195;-1,165
"tricolor";-0,878;74,106;-0,329;-0,293;-0,531;-1,348;-0,74;-1,394;-0,273;-1,633
"thunder";-0,878;74,106;-0,329;-0,293;-0,531;-1,348;-0,74;-1,394;-0,273;-1,633
"symmetric";-0,878;3,52;-0,329;-0,293;-0,531;15,955;-0,74;-1,394;-0,273;-1,633
"symbolism";-0,501;-0,381;-0,187;-0,167;-0,303;-0,769;-0,422;20,228;-0,156;-0,931
"sword";-0,878;-0,667;45,749;-0,293;4,998;-1,348;-0,74;-0,026;-0,273;-1,633
"stephen";-0,752;-0,572;-0,282;-0,251;-0,455;-1,155;57,246;-1,194;-0,234;-1,399
"skin";-0,878;-0,667;1,59;-0,293;-0,531;25,256;-0,74;-1,394;-0,273;-1,633
"rtx";-0,878;-0,667;-0,329;-0,293;-0,531;15,955;2,963;-1,394;-0,273;-1,633
"retrowave";-0,375;-0,285;-0,14;-0,125;3,185;-0,576;-0,316;-0,596;-0,117;4,495
"promotional";-0,501;-0,381;-0,187;4,598;-0,303;-0,769;-0,422;-0,795;-0,156;8,27
"nikon";-0,878;-0,667;-0,329;-0,293;-0,531;36,683;-0,74;-1,394;-0,273;-1,633
"mushroom";0,189;-0,572;-0,282;-0,251;-0,455;20,179;-0,634;-1,194;-0,234;-1,399
"leather";-0,878;-0,667;1,59;-0,293;-0,531;8,781;-0,74;-1,394;12,034;-1,633
"lazar";-0,878;-0,667;-0,329;-0,293;-0,531;36,683;-0,74;-1,394;-0,273;-1,633
"kick";-0,878;-0,667;-0,329;-0,293;27,041;-0,017;2,963;-1,394;-0,273;-1,633
"jiang";-0,878;-0,667;-0,329;-0,293;-0,531;36,683;-0,74;-1,394;-0,273;-1,633
"insanely";-0,878;-0,667;-0,329;-0,293;27,041;-0,017;-0,74;-1,394;-0,273;0,435
"group";-0,878;-0,667;-0,329;-0,293;13,822;-1,348;-0,74;8,393;-0,273;-1,633
"good";-0,501;-0,381;-0,187;-0,167;-0,303;10,312;-0,422;-0,795;-0,156;0,099
"foreground";-0,878;-0,667;-0,329;-0,293;-0,531;-1,348;-0,74;0,736;-0,273;12,715
"faithfully";-0,878;-0,667;-0,329;-0,293;-0,531;36,683;-0,74;-1,394;-0,273;-1,633
"expression";-0,878;-0,667;-0,329;-0,293;-0,531;36,683;-0,74;-1,394;-0,273;-1,633
"eagle";-0,878;-0,667;108,835;-0,293;0,567;-1,348;-0,74;-1,394;-0,273;-1,633
"comic";-0,626;-0,476;-0,234;-0,209;8,35;-0,962;-0,528;0,043;18,306;-1,165
"clown";25,947;-0,667;-0,329;-0,293;-0,531;-1,348;-0,74;-1,394;12,034;-1,633
"cinema";-0,878;-0,667;-0,329;-0,293;-0,531;8,781;-0,74;0,736;-0,273;-0,096
"chest";-0,878;-0,667;-0,329;-0,293;-0,531;-1,348;-0,74;-1,394;-0,273;30,286
"cartoon";-0,878;-0,667;-0,329;-0,293;-0,531;-1,348;-0,74;0,736;89,431;-1,633
"capitalism";25,947;-0,667;-0,329;-0,293;-0,531;-1,348;-0,74;0,736;-0,273;-1,633
"build";-0,752;-0,572;-0,282;-0,251;-0,455;5,132;0,357;1,229;-0,234;-1,399
"biden";-0,878;-0,667;-0,329;-0,293;93,063;-1,348;-0,74;-1,394;-0,273;-1,633
"betty";-0,878;-0,667;-0,329;-0,293;-0,531;36,683;-0,74;-1,394;-0,273;-1,633
"beksinski";-0,878;0,28;-0,329;-0,293;-0,531;-1,348;-0,74;8,393;-0,273;0,435
"bagshaw";-0,878;-0,667;-0,329;-0,293;0,567;-0,017;31,288;-1,394;-0,273;-1,633
"attack";-0,375;-0,285;-0,14;-0,125;-0,227;-0,576;28,567;-0,596;-0,117;-0,698
"arrest";-0,375;-0,285;-0,14;-0,125;-0,227;-0,576;28,567;-0,596;-0,117;-0,698
"accurate";-0,878;-0,667;-0,329;1,933;-0,531;-1,348;-0,74;-1,394;2,17;12,715
"2d";-0,626;-0,476;-0,234;-0,209;1,293;-0,962;-0,528;0,043;-0,195;5,556
"wee";-0,752;-0,572;-0,282;-0,251;-0,455;31,422;-0,634;-1,194;-0,234;-1,399
"wave";0,189;-0,572;-0,282;-0,251;6,382;-1,155;-0,634;4,882;-0,234;-1,399
"trinitas";-0,752;-0,572;-0,282;-0,251;79,716;-1,155;-0,634;-1,194;-0,234;-1,399
"triangle";-0,752;-0,572;-0,282;-0,251;-0,455;5,132;-0,634;4,882;-0,234;-1,399
"tower";-0,752;-0,572;11,769;-0,251;-0,455;-1,155;-0,634;0;2,793;0,827
"tile";-0,752;-0,572;-0,282;-0,251;17,031;-1,155;-0,634;4,882;-0,234;-1,399
"text";9,241;-0,572;-0,282;-0,251;-0,455;-1,155;0,357;1,229;-0,234;-1,399
"surreal";-0,752;-0,572;-0,282;2,512;6,382;-1,155;-0,634;-1,194;35,778;-1,399
"sunglasses";-0,752;-0,572;-0,282;-0,251;-0,455;0,002;38,099;-1,194;-0,234;-1,399
"smith";-0,752;-0,572;-0,282;-0,251;17,031;-1,155;-0,634;-1,194;-0,234;3,823
"school";-0,375;-0,285;64,318;-0,125;-0,227;-0,576;-0,316;-0,596;-0,117;-0,698
"romantic";-0,752;-0,572;-0,282;-0,251;-0,455;-1,155;11,458;-1,194;35,778;-1,399
"power";0,189;-0,572;-0,282;-0,251;0,857;-1,155;-0,634;1,229;-0,234;0,827
"politician";-0,626;-0,476;-0,234;-0,209;-0,379;2,125;14,839;-0,995;-0,195;-1,165
"political";-0,752;0,487;-0,282;-0,251;-0,455;-1,155;-0,634;10,958;2,793;-1,399
"polarize";-0,752;-0,572;-0,282;-0,251;-0,455;31,422;-0,634;-1,194;-0,234;-1,399
"play";-0,752;-0,572;-0,282;-0,251;-0,455;31,422;-0,634;-1,194;-0,234;-1,399
"plain";-0,752;-0,572;-0,282;-0,251;6,382;-1,155;22,836;-1,194;-0,234;-1,399
"omnis";-0,752;-0,572;-0,282;-0,251;79,716;-1,155;-0,634;-1,194;-0,234;-1,399
"muscle";-0,375;-0,285;-0,14;-0,125;-0,227;15,68;-0,316;-0,596;-0,117;-0,698
"moon";3,019;-0,572;11,769;-0,251;-0,455;-1,155;-0,634;1,229;-0,234;-1,399
"mix";-0,501;-0,381;-0,187;-0,167;53,074;-0,769;-0,422;-0,795;-0,156;-0,931
"lightroom";-0,752;-0,572;-0,282;-0,251;-0,455;31,422;-0,634;-1,194;-0,234;-1,399
"knife";-0,501;-0,381;-0,187;-0,167;-0,303;-0,769;-0,422;9,924;5,031;-0,931
"iron";-0,752;-0,572;-0,282;-0,251;-0,455;-1,155;-0,634;30,382;-0,234;-1,399
"interior";-0,752;-0,572;-0,282;-0,251;-0,455;5,132;-0,634;0;14,641;-1,399
"hole";-0,752;42,424;-0,282;-0,251;-0,455;-1,155;-0,634;0;-0,234;-1,399
"heroic";-0,752;-0,572;-0,282;-0,251;53,698;0,002;-0,634;-1,194;-0,234;-1,399
"hero";-0,626;-0,476;-0,234;-0,209;1,293;-0,962;-0,528;0,043;-0,195;5,556
"hdr";-0,752;-0,572;-0,282;-0,251;79,716;-1,155;-0,634;-1,194;-0,234;-1,399
"glass";-0,626;-0,476;-0,234;-0,209;-0,379;-0,962;-0,528;25,301;-0,195;-1,165
"footage";-0,752;-0,572;-0,282;-0,251;-0,455;5,132;-0,634;-1,194;-0,234;3,823
"fine";-0,752;-0,572;2,103;-0,251;0,857;-1,155;-0,634;4,882;2,793;-1,399
"fascist";3,019;0,487;-0,282;-0,251;6,382;-1,155;-0,634;-1,194;2,793;-1,399
"equiped";-0,375;-0,285;-0,14;-0,125;-0,227;-0,576;-0,316;-0,596;-0,117;12,945
"developer";48,261;-0,572;-0,282;-0,251;-0,455;-1,155;-0,634;-1,194;-0,234;-1,399
"cool";-0,752;4,63;-0,282;-0,251;0,857;-1,155;-0,634;4,882;-0,234;-1,399
"construction";-0,752;-0,572;-0,282;-0,251;0,857;20,179;-0,634;-1,194;-0,234;-1,399
"company";-0,752;-0,572;-0,282;-0,251;-0,455;-1,155;-0,634;30,382;-0,234;-1,399
"cold";48,261;-0,572;-0,282;-0,251;-0,455;-1,155;-0,634;-1,194;-0,234;-1,399
"child";-0,752;-0,572;-0,282;-0,251;-0,455;11,416;3,965;-1,194;-0,234;-1,399
"cheese";0,189;-0,572;-0,282;13,476;0,857;-1,155;-0,634;0;2,793;-1,399
"century";-0,752;-0,572;-0,282;2,512;-0,455;-1,155;-0,634;0;66,205;-1,399
"candle";-0,752;-0,572;-0,282;-0,251;-0,455;-1,155;57,246;-1,194;-0,234;-1,399
"building";-0,501;-0,381;-0,187;-0,167;-0,303;-0,769;-0,422;3,25;-0,156;2,546
"box";48,261;-0,572;-0,282;-0,251;-0,455;-1,155;-0,634;-1,194;-0,234;-1,399
"bizarre";-0,626;32,246;-0,234;-0,209;-0,379;0,057;-0,528;-0,995;-0,195;-1,165
"baltics";48,261;-0,572;-0,282;-0,251;-0,455;-1,155;-0,634;-1,194;-0,234;-1,399
"balance";-0,752;-0,572;-0,282;-0,251;-0,455;31,422;-0,634;-1,194;-0,234;-1,399
"artistic";-0,752;-0,572;-0,282;-0,251;-0,455;-1,155;57,246;-1,194;-0,234;-1,399
"alien";0,786;-0,381;-0,187;-0,167;-0,303;-0,769;1,116;0,208;5,031;-0,931
"wide";-0,626;-0,476;-0,234;-0,209;-0,379;7,166;-0,528;0,043;-0,195;0,004
"warhol";-0,626;-0,476;-0,234;-0,209;-0,379;2,125;0,64;1,998;-0,195;-1,165
"van";-0,626;-0,476;-0,234;-0,209;-0,379;26,168;-0,528;-0,995;-0,195;-1,165
"unusual";-0,626;32,246;-0,234;-0,209;1,293;-0,962;-0,528;-0,995;-0,195;-1,165
"unkept";-0,626;-0,476;-0,234;-0,209;-0,379;26,168;-0,528;-0,995;-0,195;-1,165
"uniform";-0,626;-0,476;-0,234;-0,209;-0,379;26,168;-0,528;-0,995;-0,195;-1,165
"ultramarine";-0,626;-0,476;-0,234;-0,209;-0,379;-0,962;-0,528;25,301;-0,195;-1,165
"tristan";-0,626;-0,476;-0,234;-0,209;-0,379;-0,962;47,674;-0,995;-0,195;-1,165
"trinity";-0,626;-0,476;-0,234;-0,209;-0,379;26,168;-0,528;-0,995;-0,195;-1,165
"tri";-0,626;-0,476;-0,234;-0,209;66,386;-0,962;-0,528;-0,995;-0,195;-1,165
"train";-0,626;-0,476;-0,234;-0,209;-0,379;15,18;-0,528;0,043;-0,195;-1,165
"top";-0,626;-0,476;-0,234;-0,209;1,293;-0,962;5,41;0,043;-0,195;0,004
"tooth";-0,626;-0,476;-0,234;-0,209;21,552;-0,962;-0,528;1,998;-0,195;-1,165
"tiny";-0,626;-0,476;-0,234;-0,209;-0,379;-0,962;-0,528;6,86;3,68;0,004
"terrify";-0,375;-0,285;-0,14;-0,125;-0,227;-0,576;-0,316;0,613;-0,117;4,495
"technicolor";-0,626;-0,476;-0,234;-0,209;-0,379;-0,962;14,839;1,998;-0,195;-1,165
"sunlight";-0,626;-0,476;-0,234;-0,209;1,293;-0,962;14,839;-0,995;3,68;-1,165
"spanish";-0,626;-0,476;-0,234;-0,209;-0,379;15,18;-0,528;0,043;-0,195;-1,165
"south";-0,375;12,774;-0,14;6,725;-0,227;-0,576;-0,316;-0,596;-0,117;-0,698
"sony";-0,626;-0,476;-0,234;-0,209;-0,379;26,168;-0,528;-0,995;-0,195;-1,165
"small";-0,626;-0,476;-0,234;-0,209;-0,379;-0,962;0,64;1,998;18,306;-1,165
"shield";-0,626;-0,476;107,338;-0,209;-0,379;-0,962;-0,528;-0,995;-0,195;-1,165
"scholz";-0,501;-0,381;-0,187;-0,167;-0,303;20,92;-0,422;-0,795;-0,156;-0,931
"satellite";-0,501;-0,381;-0,187;4,598;-0,303;-0,769;7,629;0,208;-0,156;-0,931
"sanchez";-0,626;-0,476;-0,234;-0,209;-0,379;26,168;-0,528;-0,995;-0,195;-1,165
"rule";-0,501;-0,381;-0,187;-0,167;-0,303;0,236;-0,422;3,25;5,031;-0,931
"royal";-0,626;-0,476;-0,234;-0,209;1,293;-0,962;-0,528;-0,995;3,68;5,556
"robot";-0,375;-0,285;-0,14;-0,125;3,185;-0,576;-0,316;-0,596;-0,117;4,495
"rise";-0,626;-0,476;-0,234;-0,209;-0,379;-0,962;-0,528;0,043;18,306;1,468
"rim";-0,626;-0,476;-0,234;-0,209;8,35;-0,962;-0,528;-0,995;-0,195;5,556
"rene";-0,626;-0,476;-0,234;-0,209;-0,379;0,057;-0,528;-0,995;80,975;-1,165
"rectangle";-0,626;-0,476;-0,234;-0,209;-0,379;-0,962;-0,528;6,86;-0,195;1,468
"rainbow";-0,626;-0,476;-0,234;-0,209;-0,379;7,166;-0,528;1,998;-0,195;-1,165
"populaire";1,507;-0,285;-0,14;-0,125;-0,227;-0,576;-0,316;5,468;-0,117;-0,698
"police";-0,375;-0,285;-0,14;-0,125;3,185;0,662;-0,316;0,613;-0,117;-0,698
"phrase";40,191;-0,476;-0,234;-0,209;-0,379;-0,962;-0,528;-0,995;-0,195;-1,165
"photolab";-0,626;-0,476;-0,234;-0,209;-0,379;26,168;-0,528;-0,995;-0,195;-1,165
"pedro";-0,626;-0,476;-0,234;-0,209;-0,379;26,168;-0,528;-0,995;-0,195;-1,165
"orange";-0,626;-0,476;-0,234;-0,209;21,552;-0,962;-0,528;1,998;-0,195;-1,165
"olaf";-0,501;-0,381;-0,187;-0,167;-0,303;20,92;-0,422;-0,795;-0,156;-0,931
"modelsociety";-0,626;-0,476;-0,234;-0,209;-0,379;26,168;-0,528;-0,995;-0,195;-1,165
"metal";0,786;-0,381;-0,187;4,598;-0,303;-0,769;-0,422;3,25;-0,156;-0,931
"mapporn";-0,626;-0,476;-0,234;3,338;-0,379;-0,962;-0,528;14,627;-0,195;-1,165
"magritte";-0,626;-0,476;-0,234;-0,209;-0,379;0,057;-0,528;-0,995;80,975;-1,165
"luxury";-0,626;52,863;-0,234;-0,209;-0,379;-0,962;-0,528;-0,995;-0,195;-1,165
"lenin";-0,626;-0,476;-0,234;-0,209;-0,379;-0,962;-0,528;1,998;44,071;-1,165
"lavrov";-0,501;-0,381;-0,187;-0,167;-0,303;-0,769;19,961;0,208;-0,156;-0,931
"jackson";-0,626;-0,476;-0,234;-0,209;-0,379;26,168;-0,528;-0,995;-0,195;-1,165
"include";-0,501;-0,381;-0,187;-0,167;-0,303;3,417;-0,422;3,25;-0,156;-0,931
"illustrate";-0,626;-0,476;-0,234;-0,209;-0,379;-0,962;-0,528;25,301;-0,195;-1,165
"hard";-0,626;-0,476;-0,234;-0,209;21,552;-0,962;-0,528;-0,995;18,306;-1,165
"grungy";-0,626;-0,476;-0,234;-0,209;-0,379;26,168;-0,528;-0,995;-0,195;-1,165
"grim";-0,626;-0,476;-0,234;-0,209;21,552;-0,962;-0,528;-0,995;-0,195;1,468
"google";-0,626;-0,476;-0,234;-0,209;-0,379;-0,962;-0,528;25,301;-0,195;-1,165
"glorious";-0,626;-0,476;-0,234;-0,209;21,552;-0,962;-0,528;0,043;3,68;-1,165
"gaze";-0,626;-0,476;-0,234;-0,209;-0,379;26,168;-0,528;-0,995;-0,195;-1,165
"flower";-0,501;-0,381;-0,187;-0,167;-0,303;10,312;-0,422;-0,795;-0,156;0,099
"ernst";-0,626;-0,476;-0,234;-0,209;-0,379;7,166;-0,528;1,998;-0,195;-1,165
"employee";-0,626;-0,476;-0,234;-0,209;-0,379;15,18;-0,528;0,043;-0,195;-1,165
"embroided";-0,626;-0,476;67,1;-0,209;1,293;-0,962;-0,528;-0,995;-0,195;-1,165
"electric";-0,626;32,246;-0,234;-0,209;-0,379;-0,962;-0,528;0,043;-0,195;-1,165
"eaton";-0,626;-0,476;-0,234;-0,209;-0,379;-0,962;47,674;-0,995;-0,195;-1,165
"dolby";-0,626;-0,476;-0,234;-0,209;-0,379;26,168;-0,528;-0,995;-0,195;-1,165
"dictator";-0,375;-0,285;-0,14;-0,125;-0,227;5,697;-0,316;-0,596;7,306;-0,698
"definition";-0,375;-0,285;5,873;-0,125;3,185;-0,576;-0,316;-0,596;-0,117;0,413
"dance";-0,375;-0,285;-0,14;-0,125;-0,227;15,68;-0,316;-0,596;-0,117;-0,698
"cute";-0,501;1,352;3,965;-0,167;-0,303;-0,769;-0,422;-0,795;5,031;0,099
"custom";-0,626;-0,476;-0,234;-0,209;66,386;-0,962;-0,528;-0,995;-0,195;-1,165
"correct";-0,626;-0,476;-0,234;-0,209;-0,379;-0,962;-0,528;0,043;3,68;5,556
"corporate";-0,626;-0,476;-0,234;-0,209;-0,379;-0,962;-0,528;25,301;-0,195;-1,165
"cloudy";-0,626;-0,476;-0,234;-0,209;-0,379;-0,962;14,839;-0,995;-0,195;1,468
"chinese";-0,501;8,656;-0,187;-0,167;-0,303;-0,769;-0,422;3,25;-0,156;-0,931
"channel";-0,626;-0,476;-0,234;-0,209;-0,379;-0,962;47,674;-0,995;-0,195;-1,165
"chanceler";-0,626;-0,476;-0,234;-0,209;-0,379;26,168;-0,528;-0,995;-0,195;-1,165
"business";-0,626;-0,476;-0,234;-0,209;-0,379;-0,962;-0,528;-0,995;129,02;-1,165
"blunt";-0,501;-0,381;-0,187;-0,167;-0,303;20,92;-0,422;-0,795;-0,156;-0,931
"block";-0,501;8,656;-0,187;-0,167;-0,303;-0,769;-0,422;3,25;-0,156;-0,931
"bliss";-0,626;-0,476;-0,234;-0,209;-0,379;-0,962;47,674;-0,995;-0,195;-1,165
"blade";-0,626;-0,476;-0,234;-0,209;1,293;-0,962;28,927;-0,995;-0,195;-1,165
"beach";-0,626;-0,476;-0,234;-0,209;-0,379;26,168;-0,528;-0,995;-0,195;-1,165
"batman";-0,626;-0,476;-0,234;-0,209;1,293;0,057;-0,528;-0,995;-0,195;5,556
"avoid";40,191;-0,476;-0,234;-0,209;-0,379;-0,962;-0,528;-0,995;-0,195;-1,165
"attire";-0,501;-0,381;-0,187;-0,167;-0,303;-0,769;-0,422;-0,795;103,148;-0,931
"atelier";1,507;-0,285;-0,14;-0,125;-0,227;-0,576;-0,316;5,468;-0,117;-0,698
"army";-0,626;-0,476;-0,234;-0,209;-0,379;-0,962;-0,528;6,86;3,68;0,004
"andy";-0,626;-0,476;-0,234;-0,209;-0,379;2,125;0,64;1,998;-0,195;-1,165
"a7r";-0,626;-0,476;-0,234;-0,209;-0,379;26,168;-0,528;-0,995;-0,195;-1,165
"1940s";12,161;-0,476;-0,234;-0,209;-0,379;-0,962;-0,528;1,998;-0,195;-1,165
"zealand";-0,501;42,263;-0,187;-0,167;-0,303;-0,769;-0,422;-0,795;-0,156;-0,931
"yamashita";-0,501;-0,381;-0,187;-0,167;-0,303;20,92;-0,422;-0,795;-0,156;-0,931
"warn";0,786;-0,381;-0,187;-0,167;-0,303;-0,769;-0,422;9,924;-0,156;-0,931
"warcraft";-0,501;-0,381;-0,187;-0,167;-0,303;-0,769;38,114;-0,795;-0,156;-0,931
"walter";-0,501;1,352;-0,187;-0,167;-0,303;10,312;-0,422;-0,795;-0,156;-0,931
"vray";-0,501;-0,381;-0,187;-0,167;28,369;-0,769;-0,422;0,208;-0,156;-0,931
"visual";-0,501;-0,381;-0,187;-0,167;1,984;-0,769;7,629;-0,795;5,031;-0,931
"victory";-0,501;-0,381;-0,187;-0,167;-0,303;-0,769;-0,422;-0,795;-0,156;17,272
"valorant";32,132;-0,381;-0,187;-0,167;-0,303;-0,769;-0,422;-0,795;-0,156;-0,931
"uhd";-0,375;-0,285;-0,14;6,725;-0,227;-0,576;-0,316;0,613;7,306;-0,698
"trump";-0,501;-0,381;-0,187;-0,167;1,984;3,417;-0,422;-0,795;-0,156;0,099
"tone";-0,501;-0,381;-0,187;-0,167;-0,303;-0,769;-0,422;20,228;-0,156;-0,931
"toddler";-0,501;-0,381;-0,187;-0,167;-0,303;-0,769;38,114;-0,795;-0,156;-0,931
"titan";-0,375;-0,285;-0,14;-0,125;-0,227;-0,576;28,567;-0,596;-0,117;-0,698
"teo";-0,501;-0,381;85,814;-0,167;-0,303;-0,769;-0,422;-0,795;-0,156;-0,931
"team";-0,501;-0,381;-0,187;-0,167;-0,303;-0,769;-0,422;20,228;-0,156;-0,931
"surrealism";-0,501;-0,381;-0,187;-0,167;-0,303;-0,769;-0,422;-0,795;103,148;-0,931
"sunset";-0,375;-0,285;-0,14;-0,125;-0,227;-0,576;-0,316;-0,596;-0,117;12,945
"suite";-0,501;-0,381;-0,187;-0,167;-0,303;20,92;-0,422;-0,795;-0,156;-0,931
"strong";-0,375;-0,285;-0,14;-0,125;16,369;-0,576;-0,316;-0,596;-0,117;0,413
"stockholm";32,132;-0,381;-0,187;-0,167;-0,303;-0,769;-0,422;-0,795;-0,156;-0,931
"sticker";-0,501;-0,381;-0,187;-0,167;-0,303;-0,769;-0,422;20,228;-0,156;-0,931
"spider";0,786;-0,381;-0,187;-0,167;-0,303;-0,769;7,629;-0,795;5,031;-0,931
"sink";-0,501;-0,381;-0,187;-0,167;-0,303;-0,769;38,114;-0,795;-0,156;-0,931
"simplistic";-0,501;1,352;-0,187;-0,167;-0,303;-0,769;-0,422;9,924;-0,156;-0,931
"simonetti";-0,501;-0,381;-0,187;-0,167;53,074;-0,769;-0,422;-0,795;-0,156;-0,931
"silhouette";-0,501;-0,381;-0,187;-0,167;-0,303;-0,769;-0,422;20,228;-0,156;-0,931
"shunya";-0,501;-0,381;-0,187;-0,167;-0,303;20,92;-0,422;-0,795;-0,156;-0,931
"shrimp";32,132;-0,381;-0,187;-0,167;-0,303;-0,769;-0,422;-0,795;-0,156;-0,931
"shimoda";-0,375;-0,285;-0,14;-0,125;-0,227;15,68;-0,316;-0,596;-0,117;-0,698
"sea";0,786;-0,381;-0,187;4,598;-0,303;-0,769;-0,422;-0,795;23,821;-0,931
"scandinavia";-0,501;-0,381;-0,187;96,121;-0,303;-0,769;-0,422;-0,795;-0,156;-0,931
"runner";-0,501;-0,381;-0,187;-0,167;-0,303;-0,769;38,114;-0,795;-0,156;-0,931
"ruan";-0,501;-0,381;-0,187;-0,167;1,984;-0,769;-0,422;-0,795;-0,156;8,27
"robert";-0,501;8,656;-0,187;-0,167;-0,303;-0,769;-0,422;3,25;-0,156;-0,931
"richard";-0,501;-0,381;-0,187;-0,167;-0,303;-0,769;-0,422;-0,795;103,148;-0,931
"represent";-0,375;-0,285;-0,14;-0,125;3,185;-0,576;-0,316;5,468;-0,117;-0,698
"reflection";-0,375;-0,285;-0,14;-0,125;16,369;-0,576;-0,316;0,613;-0,117;-0,698
"ready";-0,501;-0,381;-0,187;-0,167;-0,303;-0,769;-0,422;0,208;-0,156;8,27
"purple";-0,501;-0,381;-0,187;-0,167;1,984;-0,769;-0,422;0,208;5,031;0,099
"punk";-0,375;-0,285;-0,14;-0,125;-0,227;5,697;-0,316;0,613;-0,117;-0,698
"progresso";-0,501;-0,381;85,814;-0,167;-0,303;-0,769;-0,422;-0,795;-0,156;-0,931
"professionally";-0,501;-0,381;-0,187;-0,167;-0,303;-0,769;-0,422;9,924;-0,156;0,099
"process";-0,501;-0,381;-0,187;-0,167;53,074;-0,769;-0,422;-0,795;-0,156;-0,931
"portray";-0,375;-0,285;-0,14;-0,125;-0,227;-0,576;-0,316;15,161;-0,117;-0,698
"pop";-0,501;-0,381;-0,187;-0,167;1,984;-0,769;-0,422;9,924;-0,156;-0,931
"polygon";-0,501;-0,381;-0,187;-0,167;11,339;3,417;-0,422;-0,795;-0,156;-0,931
"pixiv";-0,501;-0,381;-0,187;-0,167;-0,303;-0,769;-0,422;-0,795;-0,156;17,272
"pint";-0,501;-0,381;-0,187;-0,167;-0,303;20,92;-0,422;-0,795;-0,156;-0,931
"photorealism";-0,501;-0,381;-0,187;-0,167;1,984;-0,769;19,961;-0,795;-0,156;-0,931
"peter";-0,501;-0,381;-0,187;-0,167;53,074;-0,769;-0,422;-0,795;-0,156;-0,931
"ornate";-0,501;-0,381;-0,187;-0,167;-0,303;-0,769;-0,422;-0,795;103,148;-0,931
"ordem";-0,501;-0,381;85,814;-0,167;-0,303;-0,769;-0,422;-0,795;-0,156;-0,931
"odd";-0,501;42,263;-0,187;-0,167;-0,303;-0,769;-0,422;-0,795;-0,156;-0,931
"norwegian";-0,501;-0,381;-0,187;96,121;-0,303;-0,769;-0,422;-0,795;-0,156;-0,931
"network";-0,375;-0,285;-0,14;-0,125;-0,227;-0,576;-0,316;15,161;-0,117;-0,698
"neoclassical";-0,501;-0,381;-0,187;-0,167;-0,303;-0,769;38,114;-0,795;-0,156;-0,931
"nato";-0,501;-0,381;-0,187;4,598;-0,303;-0,769;-0,422;-0,795;-0,156;8,27
"nano";-0,501;-0,381;-0,187;-0,167;-0,303;20,92;-0,422;-0,795;-0,156;-0,931
"museum";-0,501;-0,381;-0,187;-0,167;11,339;-0,769;1,116;0,208;-0,156;-0,931
"mr";0,786;-0,381;-0,187;-0,167;1,984;3,417;-0,422;-0,795;-0,156;-0,931
"mortal";-0,501;-0,381;-0,187;-0,167;-0,303;-0,769;38,114;-0,795;-0,156;-0,931
"monster";-0,501;-0,381;-0,187;-0,167;11,339;-0,769;-0,422;0,208;-0,156;0,099
"money";6,153;-0,381;-0,187;-0,167;-0,303;-0,769;-0,422;-0,795;23,821;-0,931
"mismatch";-0,501;42,263;-0,187;-0,167;-0,303;-0,769;-0,422;-0,795;-0,156;-0,931
"mike";-0,501;-0,381;-0,187;-0,167;28,369;-0,769;-0,422;0,208;-0,156;-0,931
"midle";-0,501;-0,381;85,814;-0,167;-0,303;-0,769;-0,422;-0,795;-0,156;-0,931
"medium";-0,501;-0,381;-0,187;-0,167;28,369;0,236;-0,422;-0,795;-0,156;-0,931
"max";-0,501;-0,381;-0,187;-0,167;11,339;0,236;-0,422;0,208;-0,156;-0,931
"marvel";-0,501;-0,381;-0,187;-0,167;53,074;-0,769;-0,422;-0,795;-0,156;-0,931
"mario";-0,375;-0,285;-0,14;6,725;-0,227;-0,576;-0,316;-0,596;33,037;-0,698
"marc";-0,501;-0,381;-0,187;-0,167;53,074;-0,769;-0,422;-0,795;-0,156;-0,931
"live";-0,501;-0,381;3,965;-0,167;-0,303;-0,769;-0,422;9,924;-0,156;-0,931
"life";-0,501;-0,381;-0,187;-0,167;-0,303;-0,769;-0,422;3,25;23,821;-0,931
"leyendecker";-0,375;2,31;-0,14;-0,125;-0,227;-0,576;-0,316;5,468;-0,117;-0,698
"legend";-0,375;-0,285;-0,14;-0,125;3,185;-0,576;-0,316;-0,596;-0,117;4,495
"lay";-0,375;-0,285;-0,14;-0,125;-0,227;-0,576;11,395;-0,596;-0,117;0,413
"large";-0,501;-0,381;-0,187;4,598;11,339;-0,769;1,116;-0,795;-0,156;-0,931
"kombat";-0,501;-0,381;-0,187;-0,167;-0,303;-0,769;38,114;-0,795;-0,156;-0,931
"jia";-0,501;-0,381;-0,187;-0,167;1,984;-0,769;-0,422;-0,795;-0,156;8,27
"jair";-0,501;-0,381;-0,187;-0,167;-0,303;20,92;-0,422;-0,795;-0,156;-0,931
"italy";-0,501;8,656;-0,187;4,598;-0,303;0,236;-0,422;-0,795;-0,156;-0,931
"intense";-0,501;-0,381;-0,187;-0,167;-0,303;-0,769;38,114;-0,795;-0,156;-0,931
"inspire";-0,501;-0,381;-0,187;-0,167;53,074;-0,769;-0,422;-0,795;-0,156;-0,931
"hikari";-0,375;-0,285;-0,14;-0,125;-0,227;15,68;-0,316;-0,596;-0,117;-0,698
"highchair";-0,501;-0,381;-0,187;-0,167;-0,303;-0,769;38,114;-0,795;-0,156;-0,931
"hellsing";-0,501;-0,381;-0,187;-0,167;-0,303;20,92;-0,422;-0,795;-0,156;-0,931
"hell";-0,375;-0,285;-0,14;-0,125;-0,227;5,697;-0,316;-0,596;-0,117;0,413
"hazard";-0,501;42,263;-0,187;-0,167;-0,303;-0,769;-0,422;-0,795;-0,156;-0,931
"hardhat";-0,501;-0,381;-0,187;-0,167;-0,303;20,92;-0,422;-0,795;-0,156;-0,931
"handcuff";-0,375;-0,285;-0,14;-0,125;-0,227;-0,576;28,567;-0,596;-0,117;-0,698
"halloween";-0,501;-0,381;-0,187;-0,167;-0,303;10,312;1,116;-0,795;-0,156;-0,931
"gun";9,409;-0,285;-0,14;-0,125;-0,227;-0,576;-0,316;0,613;-0,117;-0,698
"guard";-0,501;-0,381;-0,187;-0,167;1,984;-0,769;-0,422;-0,795;-0,156;8,27
"gate";-0,501;-0,381;3,965;-0,167;-0,303;0,236;-0,422;3,25;-0,156;-0,931
"gantz";-0,501;-0,381;-0,187;-0,167;-0,303;20,92;-0,422;-0,795;-0,156;-0,931
"frank";-0,501;-0,381;-0,187;-0,167;-0,303;-0,769;-0,422;20,228;-0,156;-0,931
"fortnite";32,132;-0,381;-0,187;-0,167;-0,303;-0,769;-0,422;-0,795;-0,156;-0,931
"extreme";-0,501;-0,381;-0,187;-0,167;-0,303;-0,769;7,629;3,25;-0,156;-0,931
"element";-0,501;-0,381;3,965;-0,167;-0,303;-0,769;-0,422;9,924;-0,156;-0,931
"edge";-0,501;-0,381;-0,187;-0,167;-0,303;-0,769;-0,422;20,228;-0,156;-0,931
"dynamic";-0,501;-0,381;-0,187;-0,167;1,984;-0,769;-0,422;9,924;-0,156;-0,931
"dslr";-0,501;-0,381;-0,187;-0,167;1,984;-0,769;7,629;0,208;-0,156;-0,931
"drown";-0,501;-0,381;-0,187;-0,167;-0,303;-0,769;38,114;-0,795;-0,156;-0,931
"documentation";-0,501;-0,381;85,814;-0,167;-0,303;-0,769;-0,422;-0,795;-0,156;-0,931
"dingy";-0,501;-0,381;-0,187;-0,167;-0,303;-0,769;38,114;-0,795;-0,156;-0,931
"destroy";-0,501;-0,381;-0,187;-0,167;-0,303;-0,769;7,629;0,208;-0,156;0,099
"de";-0,375;-0,285;-0,14;-0,125;-0,227;-0,576;-0,316;5,468;-0,117;0,413
"danube";-0,501;-0,381;-0,187;-0,167;-0,303;-0,769;-0,422;-0,795;-0,156;17,272
"crowd";-0,501;-0,381;-0,187;-0,167;1,984;0,236;-0,422;3,25;-0,156;-0,931
"crisp";-0,501;-0,381;-0,187;-0,167;1,984;-0,769;-0,422;3,25;5,031;-0,931
"crackle";-0,501;-0,381;-0,187;-0,167;-0,303;-0,769;-0,422;20,228;-0,156;-0,931
"covid";16,601;-0,381;-0,187;-0,167;-0,303;-0,769;-0,422;-0,795;5,031;-0,931
"cosmic";-0,501;-0,381;-0,187;-0,167;1,984;-0,769;-0,422;9,924;-0,156;-0,931
"conference";-0,501;-0,381;-0,187;-0,167;-0,303;20,92;-0,422;-0,795;-0,156;-0,931
"common";-0,501;-0,381;-0,187;4,598;-0,303;-0,769;-0,422;-0,795;56,527;-0,931
"collage";-0,501;-0,381;-0,187;-0,167;-0,303;-0,769;-0,422;20,228;-0,156;-0,931
"club";-0,501;-0,381;-0,187;-0,167;-0,303;20,92;-0,422;-0,795;-0,156;-0,931
"cigar";-0,501;-0,381;-0,187;-0,167;-0,303;20,92;-0,422;-0,795;-0,156;-0,931
"change";-0,501;-0,381;-0,187;-0,167;-0,303;-0,769;7,629;-0,795;5,031;0,099
"cell";-0,501;-0,381;-0,187;-0,167;-0,303;-0,769;1,116;-0,795;56,527;-0,931
"buuren";-0,501;-0,381;-0,187;-0,167;-0,303;20,92;-0,422;-0,795;-0,156;-0,931
"butch";-0,375;-0,285;-0,14;-0,125;-0,227;-0,576;-0,316;15,161;-0,117;-0,698
"brown";-0,375;-0,285;-0,14;-0,125;-0,227;-0,576;-0,316;-0,596;77,31;-0,698
"bosch";-0,501;1,352;-0,187;-0,167;-0,303;-0,769;1,116;3,25;-0,156;-0,931
"blender";-0,501;-0,381;-0,187;-0,167;53,074;-0,769;-0,422;-0,795;-0,156;-0,931
"bitter";-0,501;-0,381;-0,187;-0,167;-0,303;20,92;-0,422;-0,795;-0,156;-0,931
"beeple";-0,501;-0,381;-0,187;-0,167;28,369;-0,769;-0,422;0,208;-0,156;-0,931
"bean";1,507;-0,285;-0,14;-0,125;-0,227;0,662;-0,316;0,613;-0,117;-0,698
"bass";-0,501;-0,381;-0,187;-0,167;-0,303;-0,769;-0,422;-0,795;103,148;-0,931
"baltic";9,409;-0,285;-0,14;-0,125;3,185;-0,576;-0,316;-0,596;-0,117;-0,698
"auburn";-0,501;-0,381;85,814;-0,167;-0,303;-0,769;-0,422;-0,795;-0,156;-0,931
"astrophotography";-0,501;-0,381;-0,187;-0,167;-0,303;-0,769;-0,422;20,228;-0,156;-0,931
"assassin";-0,501;-0,381;-0,187;-0,167;-0,303;20,92;-0,422;-0,795;-0,156;-0,931
"architecture";-0,501;-0,381;-0,187;-0,167;1,984;-0,769;-0,422;-0,795;23,821;0,099
"animal";1,507;-0,285;-0,14;-0,125;-0,227;-0,576;1,979;0,613;-0,117;-0,698
"anatomically";-0,501;-0,381;-0,187;-0,167;-0,303;-0,769;-0,422;0,208;-0,156;8,27
"alucard";-0,501;-0,381;-0,187;-0,167;-0,303;20,92;-0,422;-0,795;-0,156;-0,931
"alan";-0,501;-0,381;-0,187;-0,167;-0,303;-0,769;-0,422;-0,795;-0,156;17,272
"air";-0,375;2,31;-0,14;-0,125;-0,227;-0,576;-0,316;5,468;-0,117;-0,698
"advertisement";9,409;-0,285;-0,14;-0,125;-0,227;-0,576;-0,316;-0,596;7,306;-0,698
"advertise";16,601;-0,381;-0,187;4,598;-0,303;-0,769;-0,422;-0,795;-0,156;-0,931
"adventure";-0,375;-0,285;-0,14;-0,125;-0,227;5,697;-0,316;0,613;-0,117;-0,698
"zoom";-0,375;-0,285;-0,14;-0,125;39,779;-0,576;-0,316;-0,596;-0,117;-0,698
"zodiac";-0,375;-0,285;-0,14;-0,125;-0,227;-0,576;-0,316;15,161;-0,117;-0,698
"yoshii";-0,375;-0,285;-0,14;-0,125;-0,227;15,68;-0,316;-0,596;-0,117;-0,698
"y2k";-0,375;2,31;-0,14;-0,125;-0,227;-0,576;-0,316;5,468;-0,117;-0,698
"wu";-0,375;-0,285;-0,14;-0,125;39,779;-0,576;-0,316;-0,596;-0,117;-0,698
"word";-0,375;2,31;5,873;-0,125;-0,227;-0,576;-0,316;0,613;-0,117;-0,698
"witch";-0,375;-0,285;-0,14;-0,125;16,369;-0,576;-0,316;-0,596;7,306;-0,698
"wire";-0,375;-0,285;-0,14;-0,125;-0,227;-0,576;11,395;0,613;-0,117;-0,698
"windsor";-0,375;-0,285;-0,14;-0,125;39,779;-0,576;-0,316;-0,596;-0,117;-0,698
"wheel";-0,375;-0,285;-0,14;-0,125;-0,227;-0,576;-0,316;0,613;33,037;-0,698
"warrior";-0,375;-0,285;-0,14;-0,125;-0,227;0,662;11,395;-0,596;-0,117;-0,698
"wallpaper";-0,375;-0,285;-0,14;-0,125;3,185;-0,576;-0,316;0,613;-0,117;0,413
"vivid";-0,375;-0,285;-0,14;-0,125;3,185;-0,576;-0,316;5,468;-0,117;-0,698
"unhappy";-0,375;-0,285;-0,14;-0,125;-0,227;15,68;-0,316;-0,596;-0,117;-0,698
"tread";-0,375;-0,285;-0,14;-0,125;-0,227;-0,576;-0,316;-0,596;-0,117;12,945
"traditional";-0,375;-0,285;-0,14;-0,125;-0,227;-0,576;-0,316;-0,596;77,31;-0,698
"terror";-0,375;-0,285;-0,14;-0,125;39,779;-0,576;-0,316;-0,596;-0,117;-0,698
"swirl";-0,375;-0,285;-0,14;-0,125;-0,227;-0,576;-0,316;-0,596;-0,117;12,945
"surprise";-0,375;-0,285;-0,14;-0,125;-0,227;-0,576;-0,316;-0,596;-0,117;12,945
"superlan";-0,375;-0,285;-0,14;-0,125;39,779;-0,576;-0,316;-0,596;-0,117;-0,698
"starry";-0,375;-0,285;5,873;-0,125;16,369;-0,576;-0,316;-0,596;-0,117;-0,698
"sport";-0,375;-0,285;-0,14;-0,125;-0,227;-0,576;-0,316;15,161;-0,117;-0,698
"split";-0,375;-0,285;-0,14;-0,125;-0,227;-0,576;-0,316;5,468;7,306;-0,698
"spitroasted";-0,375;-0,285;-0,14;-0,125;-0,227;-0,576;28,567;-0,596;-0,117;-0,698
"sparkle";-0,375;-0,285;-0,14;-0,125;39,779;-0,576;-0,316;-0,596;-0,117;-0,698
"spain";-0,375;-0,285;-0,14;-0,125;-0,227;5,697;-0,316;0,613;-0,117;-0,698
"soup";9,409;-0,285;-0,14;-0,125;-0,227;-0,576;-0,316;0,613;-0,117;-0,698
"solid";-0,375;-0,285;-0,14;6,725;-0,227;-0,576;-0,316;0,613;-0,117;0,413
"soft";-0,375;-0,285;-0,14;-0,125;-0,227;-0,576;1,979;0,613;-0,117;0,413
"singaporean";24,083;-0,285;-0,14;-0,125;-0,227;-0,576;-0,316;-0,596;-0,117;-0,698
"simplify";-0,375;-0,285;-0,14;-0,125;-0,227;-0,576;-0,316;15,161;-0,117;-0,698
"shusei";-0,375;-0,285;-0,14;-0,125;-0,227;-0,576;-0,316;-0,596;77,31;-0,698
"series";-0,375;-0,285;-0,14;-0,125;-0,227;-0,576;1,979;-0,596;-0,117;4,495
"serial";-0,375;-0,285;-0,14;-0,125;-0,227;15,68;-0,316;-0,596;-0,117;-0,698
"sergey";-0,375;-0,285;-0,14;-0,125;-0,227;-0,576;28,567;-0,596;-0,117;-0,698
"sengai";-0,375;-0,285;-0,14;-0,125;-0,227;-0,576;-0,316;15,161;-0,117;-0,698
"seamless";-0,375;-0,285;-0,14;-0,125;39,779;-0,576;-0,316;-0,596;-0,117;-0,698
"science";-0,375;-0,285;-0,14;-0,125;3,185;-0,576;-0,316;5,468;-0,117;-0,698
"scary";-0,375;-0,285;-0,14;-0,125;-0,227;-0,576;-0,316;15,161;-0,117;-0,698
"samuel";-0,375;-0,285;-0,14;-0,125;-0,227;-0,576;-0,316;-0,596;-0,117;12,945
"sad";24,083;-0,285;-0,14;-0,125;-0,227;-0,576;-0,316;-0,596;-0,117;-0,698
"russia";9,409;-0,285;-0,14;-0,125;-0,227;-0,576;-0,316;-0,596;7,306;-0,698
"russell";-0,375;-0,285;-0,14;-0,125;39,779;-0,576;-0,316;-0,596;-0,117;-0,698
"rossdraws";-0,375;-0,285;-0,14;-0,125;39,779;-0,576;-0,316;-0,596;-0,117;-0,698
"roger";-0,375;2,31;-0,14;-0,125;3,185;0,662;-0,316;-0,596;-0,117;-0,698
"rockwell";-0,375;-0,285;-0,14;-0,125;-0,227;5,697;1,979;-0,596;-0,117;-0,698
"rob";-0,375;-0,285;-0,14;6,725;-0,227;-0,576;1,979;-0,596;7,306;-0,698
"riabovitchev";-0,375;-0,285;-0,14;-0,125;39,779;-0,576;-0,316;-0,596;-0,117;-0,698
"revolution";-0,375;-0,285;-0,14;-0,125;-0,227;-0,576;-0,316;-0,596;77,31;-0,698
"renaissance";-0,375;-0,285;-0,14;-0,125;-0,227;-0,576;-0,316;-0,596;77,31;-0,698
"reference";-0,375;31,676;-0,14;-0,125;-0,227;-0,576;-0,316;-0,596;-0,117;-0,698
"real";1,507;-0,285;-0,14;-0,125;-0,227;-0,576;-0,316;0,613;-0,117;0,413
"re";-0,375;-0,285;-0,14;-0,125;39,779;-0,576;-0,316;-0,596;-0,117;-0,698
"raphael";-0,375;-0,285;-0,14;-0,125;-0,227;-0,576;-0,316;-0,596;77,31;-0,698
"rajoy";-0,375;-0,285;-0,14;-0,125;-0,227;5,697;-0,316;-0,596;-0,117;0,413
"pyramid";-0,375;-0,285;-0,14;-0,125;-0,227;-0,576;28,567;-0,596;-0,117;-0,698
"pumpkin";-0,375;-0,285;-0,14;-0,125;-0,227;15,68;-0,316;-0,596;-0,117;-0,698
"program";-0,375;-0,285;-0,14;-0,125;-0,227;-0,576;-0,316;5,468;7,306;-0,698
"pro";24,083;-0,285;-0,14;-0,125;-0,227;-0,576;-0,316;-0,596;-0,117;-0,698
"princess";-0,375;-0,285;-0,14;-0,125;-0,227;5,697;-0,316;-0,596;-0,117;0,413
"praise";24,083;-0,285;-0,14;-0,125;-0,227;-0,576;-0,316;-0,596;-0,117;-0,698
"podium";-0,375;-0,285;-0,14;-0,125;-0,227;15,68;-0,316;-0,596;-0,117;-0,698
"playstation";-0,375;-0,285;-0,14;-0,125;-0,227;-0,576;28,567;-0,596;-0,117;-0,698
"pinterest";-0,375;-0,285;-0,14;-0,125;3,185;-0,576;11,395;-0,596;-0,117;-0,698
"photographer";-0,375;-0,285;-0,14;-0,125;-0,227;-0,576;28,567;-0,596;-0,117;-0,698
"perfectly";-0,375;-0,285;-0,14;-0,125;39,779;-0,576;-0,316;-0,596;-0,117;-0,698
"paul";-0,375;-0,285;-0,14;-0,125;-0,227;-0,576;-0,316;-0,596;7,306;4,495
"pastel";-0,375;-0,285;-0,14;-0,125;16,369;-0,576;-0,316;-0,596;7,306;-0,698
"parade";-0,375;-0,285;-0,14;-0,125;-0,227;5,697;-0,316;0,613;-0,117;-0,698
"pale";-0,375;-0,285;-0,14;-0,125;-0,227;-0,576;-0,316;15,161;-0,117;-0,698
"oxide";-0,375;-0,285;-0,14;-0,125;-0,227;-0,576;-0,316;15,161;-0,117;-0,698
"outfit";-0,375;-0,285;-0,14;-0,125;-0,227;15,68;-0,316;-0,596;-0,117;-0,698
"origami";-0,375;-0,285;-0,14;-0,125;-0,227;-0,576;-0,316;15,161;-0,117;-0,698
"norman";-0,375;-0,285;-0,14;-0,125;-0,227;5,697;1,979;-0,596;-0,117;-0,698
"neoclassicism";-0,375;-0,285;-0,14;-0,125;-0,227;-0,576;-0,316;-0,596;77,31;-0,698
"nagaoka";-0,375;-0,285;-0,14;-0,125;-0,227;-0,576;-0,316;-0,596;77,31;-0,698
"mute";-0,375;-0,285;-0,14;-0,125;-0,227;-0,576;-0,316;15,161;-0,117;-0,698
"musk";9,409;-0,285;-0,14;-0,125;-0,227;0,662;-0,316;-0,596;-0,117;-0,698
"munich";24,083;-0,285;-0,14;-0,125;-0,227;-0,576;-0,316;-0,596;-0,117;-0,698
"mumford";-0,375;-0,285;-0,14;-0,125;39,779;-0,576;-0,316;-0,596;-0,117;-0,698
"mueller";-0,375;2,31;-0,14;-0,125;-0,227;-0,576;-0,316;5,468;-0,117;-0,698
"morpheus";-0,375;-0,285;-0,14;-0,125;-0,227;15,68;-0,316;-0,596;-0,117;-0,698
"mobile";-0,375;-0,285;-0,14;-0,125;3,185;-0,576;-0,316;5,468;-0,117;-0,698
"miss";-0,375;-0,285;-0,14;72,044;-0,227;-0,576;-0,316;-0,596;-0,117;-0,698
"millie";-0,375;-0,285;-0,14;-0,125;-0,227;-0,576;-0,316;-0,596;77,31;-0,698
"martine";-0,375;-0,285;-0,14;-0,125;-0,227;15,68;-0,316;-0,596;-0,117;-0,698
"marble";-0,375;-0,285;-0,14;-0,125;16,369;-0,576;-0,316;0,613;-0,117;-0,698
"mandy";-0,375;-0,285;-0,14;-0,125;-0,227;-0,576;-0,316;-0,596;33,037;0,413
"male";9,409;-0,285;-0,14;-0,125;3,185;-0,576;-0,316;-0,596;-0,117;-0,698
"macro";-0,375;-0,285;-0,14;-0,125;-0,227;0,662;-0,316;5,468;-0,117;-0,698
"lovely";-0,375;-0,285;-0,14;-0,125;-0,227;-0,576;28,567;-0,596;-0,117;-0,698
"london";-0,375;-0,285;-0,14;-0,125;3,185;-0,576;-0,316;-0,596;-0,117;4,495
"liz";-0,375;-0,285;-0,14;-0,125;16,369;-0,576;1,979;-0,596;-0,117;-0,698
"lithograph";-0,375;-0,285;-0,14;-0,125;-0,227;-0,576;-0,316;15,161;-0,117;-0,698
"lion";-0,375;-0,285;27,265;-0,125;3,185;-0,576;-0,316;-0,596;-0,117;-0,698
"lightsabers";-0,375;-0,285;-0,14;-0,125;-0,227;15,68;-0,316;-0,596;-0,117;-0,698
"lie";-0,375;-0,285;-0,14;-0,125;-0,227;15,68;-0,316;-0,596;-0,117;-0,698
"letterism";-0,375;-0,285;-0,14;-0,125;-0,227;-0,576;-0,316;15,161;-0,117;-0,698
"leage";-0,375;-0,285;-0,14;-0,125;3,185;-0,576;-0,316;-0,596;-0,117;4,495
"lau";-0,375;-0,285;-0,14;-0,125;3,185;-0,576;-0,316;-0,596;-0,117;4,495
"language";-0,375;2,31;-0,14;-0,125;-0,227;-0,576;-0,316;5,468;-0,117;-0,698
"kuvshinov";-0,375;-0,285;-0,14;-0,125;-0,227;-0,576;-0,316;-0,596;-0,117;12,945
"jurgens";-0,375;-0,285;-0,14;-0,125;-0,227;-0,576;-0,316;-0,596;33,037;0,413
"johanna";-0,375;-0,285;-0,14;-0,125;-0,227;15,68;-0,316;-0,596;-0,117;-0,698
"jinping";1,507;-0,285;-0,14;-0,125;-0,227;5,697;-0,316;-0,596;-0,117;-0,698
"israeli";-0,375;-0,285;-0,14;-0,125;-0,227;15,68;-0,316;-0,596;-0,117;-0,698
"iphone";24,083;-0,285;-0,14;-0,125;-0,227;-0,576;-0,316;-0,596;-0,117;-0,698
"insane";-0,375;-0,285;-0,14;-0,125;-0,227;-0,576;28,567;-0,596;-0,117;-0,698
"infront";-0,375;-0,285;-0,14;-0,125;-0,227;-0,576;-0,316;-0,596;77,31;-0,698
"imax";-0,375;-0,285;-0,14;-0,125;-0,227;-0,576;-0,316;-0,596;-0,117;12,945
"ilya";-0,375;-0,285;-0,14;-0,125;-0,227;-0,576;-0,316;-0,596;-0,117;12,945
"ilustration";-0,375;-0,285;-0,14;-0,125;-0,227;-0,576;-0,316;-0,596;7,306;4,495
"history";-0,375;2,31;-0,14;-0,125;-0,227;-0,576;-0,316;5,468;-0,117;-0,698
"heavy";-0,375;-0,285;-0,14;-0,125;-0,227;-0,576;28,567;-0,596;-0,117;-0,698
"heaven";-0,375;-0,285;-0,14;-0,125;-0,227;-0,576;-0,316;0,613;7,306;0,413
"heart";-0,375;-0,285;-0,14;-0,125;-0,227;-0,576;-0,316;15,161;-0,117;-0,698
"hanma";24,083;-0,285;-0,14;-0,125;-0,227;-0,576;-0,316;-0,596;-0,117;-0,698
"government";-0,375;-0,285;-0,14;-0,125;-0,227;-0,576;-0,316;-0,596;77,31;-0,698
"girlfriend";-0,375;-0,285;-0,14;-0,125;-0,227;-0,576;-0,316;-0,596;77,31;-0,698
"general";-0,375;-0,285;-0,14;-0,125;-0,227;-0,576;11,395;-0,596;-0,117;0,413
"gemini";-0,375;-0,285;-0,14;-0,125;-0,227;-0,576;-0,316;15,161;-0,117;-0,698
"gadsden";-0,375;-0,285;-0,14;-0,125;-0,227;-0,576;-0,316;-0,596;-0,117;12,945
"fusion";-0,375;-0,285;-0,14;-0,125;-0,227;-0,576;-0,316;15,161;-0,117;-0,698
"freeze";-0,375;-0,285;-0,14;-0,125;-0,227;-0,576;-0,316;-0,596;-0,117;12,945
"formal";-0,375;-0,285;-0,14;-0,125;-0,227;-0,576;-0,316;-0,596;77,31;-0,698
"font";-0,375;-0,285;-0,14;-0,125;3,185;-0,576;-0,316;5,468;-0,117;-0,698
"fixture";-0,375;-0,285;-0,14;-0,125;-0,227;-0,576;28,567;-0,596;-0,117;-0,698
"fiction";-0,375;-0,285;-0,14;-0,125;-0,227;5,697;-0,316;0,613;-0,117;-0,698
"fall";-0,375;-0,285;-0,14;-0,125;16,369;-0,576;-0,316;-0,596;7,306;-0,698
"factory";-0,375;-0,285;-0,14;-0,125;-0,227;-0,576;-0,316;15,161;-0,117;-0,698
"facebook";-0,375;-0,285;-0,14;-0,125;16,369;-0,576;-0,316;0,613;-0,117;-0,698
"fabric";-0,375;-0,285;-0,14;-0,125;-0,227;-0,576;1,979;5,468;-0,117;-0,698
"export";-0,375;31,676;-0,14;-0,125;-0,227;-0,576;-0,316;-0,596;-0,117;-0,698
"experiment";-0,375;-0,285;-0,14;-0,125;-0,227;15,68;-0,316;-0,596;-0,117;-0,698
"evil";1,507;-0,285;-0,14;-0,125;-0,227;0,662;-0,316;-0,596;-0,117;0,413
"eu";-0,375;-0,285;-0,14;-0,125;-0,227;-0,576;-0,316;-0,596;-0,117;12,945
"eternal";-0,375;-0,285;-0,14;72,044;-0,227;-0,576;-0,316;-0,596;-0,117;-0,698
"eric";-0,375;-0,285;-0,14;-0,125;-0,227;-0,576;-0,316;15,161;-0,117;-0,698
"erase";-0,375;-0,285;-0,14;72,044;-0,227;-0,576;-0,316;-0,596;-0,117;-0,698
"enchant";-0,375;-0,285;-0,14;-0,125;-0,227;-0,576;-0,316;-0,596;77,31;-0,698
"empty";-0,375;-0,285;-0,14;-0,125;-0,227;-0,576;28,567;-0,596;-0,117;-0,698
"emotional";-0,375;-0,285;-0,14;-0,125;-0,227;-0,576;28,567;-0,596;-0,117;-0,698
"embrace";24,083;-0,285;-0,14;-0,125;-0,227;-0,576;-0,316;-0,596;-0,117;-0,698
"elon";9,409;-0,285;-0,14;-0,125;-0,227;0,662;-0,316;-0,596;-0,117;-0,698
"donkey";-0,375;-0,285;-0,14;-0,125;-0,227;-0,576;-0,316;15,161;-0,117;-0,698
"discover";-0,375;-0,285;-0,14;-0,125;-0,227;-0,576;-0,316;-0,596;-0,117;12,945
"dim";-0,375;-0,285;-0,14;-0,125;39,779;-0,576;-0,316;-0,596;-0,117;-0,698
"dignify";-0,375;-0,285;-0,14;-0,125;-0,227;-0,576;-0,316;-0,596;77,31;-0,698
"depress";-0,375;-0,285;-0,14;-0,125;-0,227;5,697;-0,316;0,613;-0,117;-0,698
"deep";-0,375;-0,285;-0,14;-0,125;-0,227;-0,576;-0,316;5,468;-0,117;0,413
"daylight";-0,375;-0,285;-0,14;-0,125;-0,227;-0,576;28,567;-0,596;-0,117;-0,698
"dan";-0,375;-0,285;-0,14;-0,125;39,779;-0,576;-0,316;-0,596;-0,117;-0,698
"cycladic";-0,375;-0,285;-0,14;-0,125;-0,227;-0,576;-0,316;15,161;-0,117;-0,698
"cubic";-0,375;-0,285;-0,14;-0,125;-0,227;-0,576;-0,316;-0,596;77,31;-0,698
"craig";-0,375;-0,285;-0,14;-0,125;39,779;-0,576;-0,316;-0,596;-0,117;-0,698
"cosplay";-0,375;-0,285;-0,14;-0,125;-0,227;15,68;-0,316;-0,596;-0,117;-0,698
"coronation";-0,375;-0,285;-0,14;-0,125;-0,227;-0,576;-0,316;-0,596;-0,117;12,945
"complex";-0,375;-0,285;-0,14;-0,125;16,369;-0,576;-0,316;0,613;-0,117;-0,698
"commonwealth";-0,375;31,676;-0,14;-0,125;-0,227;-0,576;-0,316;-0,596;-0,117;-0,698
"collapse";-0,375;-0,285;-0,14;-0,125;-0,227;-0,576;-0,316;15,161;-0,117;-0,698
"coin";-0,375;-0,285;5,873;-0,125;-0,227;-0,576;-0,316;5,468;-0,117;-0,698
"closeup";-0,375;-0,285;5,873;-0,125;-0,227;-0,576;-0,316;0,613;-0,117;0,413
"clip";-0,375;12,774;-0,14;-0,125;-0,227;-0,576;-0,316;0,613;-0,117;-0,698
"climate";-0,375;-0,285;-0,14;-0,125;-0,227;-0,576;11,395;-0,596;-0,117;0,413
"classic";-0,375;-0,285;-0,14;-0,125;-0,227;-0,576;-0,316;15,161;-0,117;-0,698
"civil";-0,375;-0,285;-0,14;-0,125;-0,227;-0,576;-0,316;0,613;-0,117;4,495
"chie";-0,375;-0,285;-0,14;-0,125;-0,227;15,68;-0,316;-0,596;-0,117;-0,698
"case";-0,375;-0,285;-0,14;-0,125;-0,227;-0,576;-0,316;5,468;7,306;-0,698
"canadian";-0,375;-0,285;-0,14;-0,125;-0,227;-0,576;-0,316;-0,596;77,31;-0,698
"budapest";-0,375;-0,285;-0,14;-0,125;-0,227;-0,576;-0,316;0,613;-0,117;4,495
"brush";-0,375;-0,285;-0,14;-0,125;3,185;-0,576;-0,316;-0,596;7,306;0,413
"brom";-0,375;-0,285;-0,14;-0,125;39,779;-0,576;-0,316;-0,596;-0,117;-0,698
"bridge";-0,375;-0,285;-0,14;-0,125;-0,227;-0,576;-0,316;5,468;-0,117;0,413
"branch";-0,375;-0,285;27,265;-0,125;-0,227;-0,576;-0,316;0,613;-0,117;-0,698
"brainwash";1,507;-0,285;-0,14;-0,125;-0,227;-0,576;-0,316;5,468;-0,117;-0,698
"borderland";-0,375;-0,285;-0,14;-0,125;-0,227;15,68;-0,316;-0,596;-0,117;-0,698
"bobby";-0,375;-0,285;-0,14;-0,125;-0,227;-0,576;-0,316;-0,596;77,31;-0,698
"bird";-0,375;-0,285;-0,14;-0,125;16,369;-0,576;-0,316;0,613;-0,117;-0,698
"billy";-0,375;-0,285;-0,14;-0,125;-0,227;0,662;-0,316;5,468;-0,117;-0,698
"beer";-0,375;-0,285;-0,14;-0,125;-0,227;-0,576;-0,316;-0,596;-0,117;12,945
"beautifully";-0,375;-0,285;-0,14;-0,125;39,779;-0,576;-0,316;-0,596;-0,117;-0,698
"barry";-0,375;-0,285;-0,14;-0,125;39,779;-0,576;-0,316;-0,596;-0,117;-0,698
"bane";-0,375;-0,285;-0,14;-0,125;-0,227;15,68;-0,316;-0,596;-0,117;-0,698
"baki";24,083;-0,285;-0,14;-0,125;-0,227;-0,576;-0,316;-0,596;-0,117;-0,698
"baby";-0,375;-0,285;-0,14;-0,125;3,185;-0,576;-0,316;5,468;-0,117;-0,698
"asph";-0,375;-0,285;-0,14;-0,125;-0,227;-0,576;28,567;-0,596;-0,117;-0,698
"asian";-0,375;-0,285;64,318;-0,125;-0,227;-0,576;-0,316;-0,596;-0,117;-0,698
"artefact";-0,375;-0,285;-0,14;-0,125;-0,227;-0,576;-0,316;0,613;33,037;-0,698
"antonio";-0,375;-0,285;-0,14;-0,125;-0,227;-0,576;-0,316;-0,596;77,31;-0,698
"andrei";-0,375;-0,285;-0,14;-0,125;39,779;-0,576;-0,316;-0,596;-0,117;-0,698
"ambient";-0,375;-0,285;-0,14;-0,125;3,185;-0,576;-0,316;0,613;-0,117;0,413
"amano";-0,375;-0,285;-0,14;-0,125;16,369;-0,576;-0,316;-0,596;7,306;-0,698
"alternate";-0,375;2,31;-0,14;-0,125;-0,227;-0,576;-0,316;0,613;7,306;-0,698
"album";-0,375;-0,285;-0,14;6,725;-0,227;-0,576;1,979;0,613;-0,117;-0,698
"ak";24,083;-0,285;-0,14;-0,125;-0,227;-0,576;-0,316;-0,596;-0,117;-0,698
"africa";-0,375;-0,285;-0,14;-0,125;39,779;-0,576;-0,316;-0,596;-0,117;-0,698
"achingly";-0,375;-0,285;-0,14;-0,125;-0,227;-0,576;-0,316;-0,596;77,31;-0,698
"of";-6,46;-2,648;19,082;8,166;1,005;-24,975;2,409;-0,024;2,482;2,994
"a";-9,748;3,707;2,271;-13,455;-1,853;2,272;-3,676;0,479;1,208;3,563
"and";-68,647;0,123;3,514;-10,615;-0,879;-40,694;-33,718;-0,233;-0,861;357,924
"the";-5,63;10,887;-3,27;23,257;7,208;-13,685;-5,018;-0,006;0,578;1,383
"in";-21,536;-20,582;-21,464;-0,047;2,221;2,326;26,282;0,813;0,168;5,001
"by";-5,436;-37,401;-23,83;-7,86;-6,283;-20,953;-6,206;-18,731;4,358;447,915
"on";-35,007;-24,571;-0,447;-5,033;-3,782;-23,263;-17,647;-9,505;9,47;407,52
"with";-43,541;0,372;0,547;-5,056;-15,112;-2,061;-7,701;-10,14;-0,525;223,427
"d";-26,445;-17,689;-7,661;-8,84;-4,683;-40,618;-22,295;-21,031;-6,041;707,828
"as";-1,953;-11,718;-11,133;-9,939;-3,601;10,463;3,556;-29,824;-2,145;92,431
"k";-10,203;-14,286;-7,036;-0,05;1,399;-19,334;101,131;0,103;21,701;0,002
"8";-10,208;-11,141;-5,487;-0,034;0,83;-13,409;114,709;-2,607;17,208;0,391
"from";-8,169;-7,316;-0,01;-4,18;-0,447;-8,605;-6,357;-19,863;-3,895;243,299
"is";-2,19;-1,118;-0,584;-1,979;1,073;22,346;-1,473;-2,117;6,688;-1,044
"an";1,807;-3,965;2,075;-0,925;0,768;-12,182;-0,129;1,888;3,499;0,701
"for";-1,867;125,177;-3,275;-1,151;-3,285;-2,64;-5,244;7,081;-0,985;-9,459
"5";-1,011;-4,657;-3,327;-2,97;1,164;-5,491;189,047;-2,015;2,575;-16,528
"0";37,335;-3,769;-0,166;1,229;-0,006;-7,33;5,931;-0,074;-0,021;-7,598
"behind";-6,988;-5,313;-2,616;-2,336;-4,231;-4,6;-5,891;-11,1;-0,556;199,101
"4";14,751;-6,03;-1,189;-0,087;-0,432;-5,872;0,282;5,9;15,494;-6,273
"1";48,396;-2,998;-2,466;-0,574;-3,987;-5,785;1,083;-0,028;36,868;-9,835
"2";-0,778;-1,268;-1,528;2,451;-2,47;-6,266;5,792;13,724;6,958;-3,39
"at";3,875;-5,007;-2,466;-2,202;-2,072;32,9;0,308;-0,874;-0,465;-4,176
"3";-0,602;-6,133;-1,232;2,77;1,8;-4,445;78,833;-0,621;6,319;-15,007
"9";59,471;-2,433;0;-0,383;-3,504;-4,656;-0,021;-0,347;25,355;-10,767
"to";-0,065;2,226;-1,479;-1,32;0,341;-6,066;0,001;0,181;-0,023;3,723
"s";34,929;-3,499;0,103;-1,538;0,097;-0,132;-0,673;0,86;-0,095;-8,562
"his";5,449;-1,44;-1,625;-1,451;-2,628;2,778;2,666;-2,864;6,212;-1,14
"alone";-6,586;-5,007;-2,466;-2,202;-3,987;-10,116;-5,552;-8,129;-2,052;216,399
"him";-4,733;-3,599;-1,772;-1,582;-2,866;-3,205;-3,99;-7,519;-0,114;132,31
"very";-1,298;1,727;-0,013;0;6,55;-4,873;-0,899;0,22;18,647;-1,955
"still";-4,864;-3,698;-1,821;-1,626;-0,185;-1,937;201,85;-7,727;-0,134;-3,055
"all";1,322;3,043;-1,333;3,339;0,594;-5,468;16,946;-3,478;-0,002;-4,351
"one";-0,136;-2,216;-1,091;-0,974;0,1;-4,477;-2,457;-0,208;12,076;16,963
"like";-0,878;-0,667;1,59;-0,293;-0,531;0,812;0,185;3,526;-0,273;-1,633
"over";9,57;-2,608;-1,285;-1,147;-2,077;-5,269;38,919;-1,663;0;-0,292
"after";-3,172;-2,412;-1,188;-1,06;-1,921;-2,751;-0,068;-5,039;-0,988;79,484
"no";1,217;2,458;-0,708;-0,632;0,923;-0,996;-0,143;0,131;3,868;-3,518
"has";-1,383;1,267;13,513;-0,462;-0,837;-2,124;4,053;-0,446;-0,431;-0,003
"being";-0,764;33,796;-0,947;-0,846;-0,127;-1,845;9,867;-1,957;0,089;-4,706
"are";-1,004;-0,763;-0,376;1,509;-0,608;2,732;-0,846;0,416;1,712;-0,212
"make";-2,274;-1,729;13,465;15,722;2,592;-1,497;-0,332;0,425;-0,708;-2,103
"out";-2,274;-1,729;-0,851;40,75;6,44;0,005;-0,332;-0,39;-0,708;-0,712
"looking";0,96;-1,534;-0,756;-0,675;-0,015;0,952;-1,701;2,532;-0,629;0
"new";-1,383;29,462;-0,518;-0,462;0,072;-2,124;-1,166;-0,446;-0,431;0,515
"into";-0,878;-0,667;1,59;-0,293;0,567;0,812;9,072;-1,394;-0,273;-1,633
"up";-1,637;-0,016;-0,613;-0,547;-0,991;-2,514;-1,38;8,324;26,585;-0,103
"take";-1,764;-1,341;-0,66;-0,59;-1,068;32,059;-1,487;-2,802;-0,549;0,874
"two";-1,51;-1,148;0,424;-0,505;-0,914;-2,319;3,364;2,468;29,398;-2,809
"old";-1,256;-0,955;15,387;0,941;-0,761;-1,93;-1,059;-1,996;36,732;0,009
"near";-1,637;-1,244;-0,613;-0,547;-0,991;-2,514;-1,38;-2,6;-0,51;56,468
"7";5,144;-1,244;-0,613;-0,547;-0,991;-2,514;12,749;0,405;0,568;-3,045
"6";5,144;-1,244;-0,613;-0,547;1,403;-0,005;-1,38;1,921;0,568;-3,045
"r";-1,13;2,101;-0,423;7,814;-0,684;-0,166;-0,953;5,103;-0,352;-2,102
"different";-0,375;-0,285;-0,14;-0,125;-0,227;-0,576;-0,316;0,613;-0,117;4,495
"she";-0,752;-0,572;-0,282;-0,251;0,857;11,416;-0,634;-1,194;-0,234;-0,019
"about";21,203;0,003;-0,518;-0,462;-0,837;-2,124;-0,002;0,923;-0,431;-2,573
"1999";-1,383;-1,051;-0,518;-0,462;-0,837;57,797;-1,166;-2,197;-0,431;-2,573
"1950";21,203;-1,051;-0,518;-0,462;-0,837;7,079;-1,166;-2,197;-0,431;-2,573
"while";-1,256;-0,955;-0,47;-0,42;-0,761;14,38;-1,059;4,01;-0,391;-2,337
"it";-1,13;0,068;0,938;-0,378;0,231;-1,736;-0,953;5,103;-0,352;0,068
"each";-0,752;13;-0,282;-0,251;6,382;-1,155;-0,634;-1,194;2,793;-1,399
"that";-1,13;-0,859;0,938;1,189;3,201;-1,736;-0,953;5,103;1,364;-2,102
"through";-1,004;29,442;-0,376;-0,336;-0,608;-1,542;-0,846;-0,095;-0,313;0,199
"serious";-1,004;-0,763;-0,376;-0,336;-0,608;-1,542;7,309;0,416;25,439;-1,867
"many";-1,004;-0,763;-0,376;-0,336;0,369;0,473;-0,846;-0,095;1,712;1,83
"e";-0,752;-0,572;54,639;-0,251;-0,455;-1,155;-0,634;1,229;-0,234;-1,399
"c";-0,878;0,28;-0,329;-0,293;-0,531;-1,348;-0,74;15,34;-0,273;-0,096
"around";-1,004;-0,763;1,217;-0,336;-0,608;-1,542;-0,846;6,518;25,439;-1,867
"look";-0,752;-0,572;-0,282;-0,251;0,857;-1,155;11,458;1,229;-0,234;-1,399
"f";-0,878;-0,667;-0,329;-0,293;-0,531;0,812;9,072;0,736;-0,273;-1,633
"but";-0,878;-0,667;-0,329;83,146;-0,531;-1,348;-0,74;-0,026;2,17;-1,633
"below";-0,752;0,487;-0,282;-0,251;-0,455;-1,155;-0,634;-1,194;-0,234;16,381
"three";-0,626;-0,476;-0,234;-0,209;40,897;-0,962;-0,528;0,043;-0,195;-1,165
"their";-0,752;-0,572;-0,282;13,476;6,382;1,327;-0,634;-1,194;-0,234;-1,399
"g";-0,501;-0,381;-0,187;-0,167;-0,303;-0,769;1,116;9,924;-0,156;-0,931
"containing";-0,752;-0,572;128,89;-0,251;-0,455;-1,155;-0,634;-1,194;-0,234;-1,399
"against";-0,752;-0,572;-0,282;2,512;-0,455;-1,155;-0,634;4,882;2,793;-0,019
"x";4,248;-0,476;-0,234;-0,209;-0,379;-0,962;-0,528;1,998;-0,195;0,004
"where";-0,501;-0,381;-0,187;22,067;-0,303;-0,769;-0,422;3,25;-0,156;-0,931
"us";12,161;-0,476;-0,234;-0,209;-0,379;2,125;-0,528;-0,995;-0,195;-1,165
"t";4,248;-0,476;-0,234;-0,209;-0,379;-0,962;5,41;0,043;-0,195;-1,165
"j";-0,501;1,352;-0,187;4,598;-0,303;-0,769;-0,422;3,25;-0,156;-0,931
"various";-0,375;-0,285;-0,14;-0,125;-0,227;-0,576;-0,316;15,161;-0,117;-0,698
"this";-0,501;1,352;-0,187;-0,167;-0,303;-0,769;1,116;0,208;5,031;-0,931
"outside";-0,375;-0,285;-0,14;-0,125;-0,227;5,697;-0,316;0,613;-0,117;-0,698
"or";-0,501;-0,381;-0,187;-0,167;-0,303;10,312;-0,422;0,208;-0,156;-0,931
"n";-0,501;-0,381;3,965;4,598;-0,303;0,236;-0,422;-0,795;5,031;-0,931
"last";-0,501;-0,381;-0,187;-0,167;-0,303;3,417;-0,422;3,25;-0,156;-0,931
"its";-0,375;-0,285;-0,14;6,725;-0,227;-0,576;-0,316;5,468;-0,117;-0,698
"having";-0,375;-0,285;-0,14;-0,125;-0,227;-0,576;28,567;-0,596;-0,117;-0,698
"five";-0,501;-0,381;19,495;-0,167;-0,303;-0,769;-0,422;0,208;5,031;-0,931
"everywhere";-0,501;-0,381;-0,187;-0,167;-0,303;-0,769;-0,422;-0,795;-0,156;17,272
"during";-0,375;-0,285;-0,14;-0,125;39,779;-0,576;-0,316;-0,596;-0,117;-0,698
"doing";-0,501;-0,381;-0,187;4,598;-0,303;10,312;-0,422;-0,795;-0,156;-0,931
"yet";-0,375;-0,285;-0,14;-0,125;39,779;-0,576;-0,316;-0,596;-0,117;-0,698
"vs";-0,375;-0,285;-0,14;-0,125;3,185;-0,576;-0,316;-0,596;-0,117;4,495
"they";-0,375;-0,285;-0,14;-0,125;-0,227;5,697;-0,316;-0,596;7,306;-0,698
"them";-0,375;-0,285;-0,14;-0,125;-0,227;-0,576;-0,316;0,613;-0,117;4,495
"q";-0,375;-0,285;-0,14;-0,125;-0,227;-0,576;-0,316;15,161;-0,117;-0,698
"p";-0,375;-0,285;-0,14;-0,125;39,779;-0,576;-0,316;-0,596;-0,117;-0,698
"me";-0,375;-0,285;-0,14;-0,125;-0,227;-0,576;-0,316;-0,596;-0,117;12,945
"l";-0,375;-0,285;-0,14;-0,125;-0,227;15,68;-0,316;-0,596;-0,117;-0,698
"i";-0,375;-0,285;-0,14;-0,125;3,185;-0,576;-0,316;5,468;-0,117;-0,698
"hi";-0,375;-0,285;-0,14;-0,125;39,779;-0,576;-0,316;-0,596;-0,117;-0,698
"her";-0,375;-0,285;-0,14;-0,125;-0,227;5,697;-0,316;-0,596;7,306;-0,698
"everyone";-0,375;-0,285;-0,14;-0,125;-0,227;-0,576;-0,316;-0,596;77,31;-0,698
"either";-0,375;-0,285;-0,14;-0,125;-0,227;-0,576;-0,316;-0,596;77,31;-0,698
"don_t";-0,375;-0,285;-0,14;-0,125;-0,227;-0,576;-0,316;-0,596;-0,117;12,945
"comes";-0,375;-0,285;5,873;-0,125;16,369;-0,576;-0,316;-0,596;-0,117;-0,698
"be";-0,375;2,31;-0,14;-0,125;-0,227;-0,576;-0,316;5,468;-0,117;-0,698
"above";-0,375;2,31;-0,14;-0,125;-0,227;-0,576;-0,316;-0,596;7,306;0,413
"70";-0,375;-0,285;-0,14;-0,125;-0,227;-0,576;-0,316;-0,596;-0,117;12,945
"1984";-0,375;-0,285;-0,14;-0,125;16,369;-0,576;1,979;-0,596;-0,117;-0,698
"*truc_0";0;0;0;0;0;0;0;0;0;0
