"";"Coord. facteur 1";"Coord. facteur 2";"Coord. facteur 3";"Corr. facteur 1";"Corr. facteur 2";"Corr. facteur 3";"COR -facteur 1";"COR -facteur 2";"COR -facteur 3";"CTR -facteur 1";"CTR -facteur 2";"CTR -facteur 3";"mass";"chi.distance";"inertie"
"european";-0,360751471408386;0,301871163905669;0,015706690688911;-0,766490908354379;0,641387550616852;0,033372103976136;0,638486880690032;0,361026252990849;0,000486866319114355;0,00456934180927115;0,0031994894527173;8,66177317909281e-06;0,035110533159948;0,396724735376732;0,00552606491913254
"union";-0,227361368931206;0,347790673603748;0,0155991093137524;-0,546796357738623;0,836424738626258;0,0375153272379674;0,345845987463087;0,653499144812263;0,000654867724659482;0,00174775421864638;0,00408961920518788;8,2270968737871e-06;0,0338101430429129;0,339728875647394;0,0039022216289528
"eu";0,447047776567546;-0,574302770170641;0,396792472173591;0,539309107241812;-0,692826875564228;0,478682156907849;0,377414746160957;0,502982156118048;0,119603097721008;0,003234126864298;0,0053374152932344;0,00254786270611856;0,016182632567548;0,639442744362553;0,00661686845999225
"flag";0,344971614436691;-0,0302941982472065;0,536048321556571;0,540557180897521;-0,0474698372757444;0,839966992642651;0,505686342996841;0,00314914892058714;0,491164508082572;0,00208057436596069;1,6044842095126e-05;0,00502370815897668;0,0174830226845832;0,426284857331766;0,0031769935457931
"game";0,447047776567546;-0,574302770170636;0,396792472173588;0,539309107241815;-0,692826875564226;0,478682156907848;0,377414746160957;0,502982156118039;0,119603097721006;0,003234126864298;0,0053374152932343;0,00254786270611852;0,016182632567548;0,639442744362553;0,00661686845999225
"paint";0,0675684307919728;0,363249651253695;-0,0886830866907676;0,177823672200865;0,955984712897749;-0,233392309879327;0,0399489305235128;0,932368672906885;0,0276823965696042;0,000127313989027611;0,00367958527138198;0,000219315871109005;0,027886143620864;0,297062896538528;0,00246085079446221
"detail";0,0496956744560441;0,456129324951049;-0,293864785270928;0,0912069684936461;0,837138713282492;-0,539332980283918;0,0120343545253145;0,818693573923218;0,169272071551469;6,88692951178638e-05;0,00580182263957488;0,00240815009685153;0,027886143620864;0,398074488190074;0,00441893029078505
"keyboard";0,447047776567546;-0,574302770170636;0,396792472173588;0,539309107241815;-0,692826875564226;0,478682156907848;0,377414746160957;0,502982156118039;0,119603097721006;0,003234126864298;0,0053374152932343;0,00254786270611852;0,016182632567548;0,639442744362553;0,00661686845999225
"art";0,0624242566229681;1,46878132317222;0,268926754093282;0,0417692625124253;0,98278963947414;0,179944028107237;0,00219525886552259;0,98141577361712;0,01638896751736;5,91190175650438e-05;0,0327291504705176;0,00109720674787611;0,0151712180320763;1,1707594350647;0,0207948495525597
"artstation";0,270170561307935;0,359646277149496;-0,20456054956353;0,54673977839748;0,727810331807675;-0,413965862882287;0,375715103078696;0,537642399931315;0,0866424969899904;0,00177180728350971;0,00313972470801021;0,00101574383724017;0,0242739488513221;0,38731637225449;0,00364143148856402
"mouse";0,447047776567546;-0,574302770170636;0,396792472173588;0,539309107241815;-0,692826875564226;0,478682156907848;0,377414746160957;0,502982156118039;0,119603097721006;0,003234126864298;0,0053374152932343;0,00254786270611852;0,016182632567548;0,639442744362553;0,00661686845999225
"computer";0,447047776567546;-0,574302770170636;0,396792472173588;0,539309107241815;-0,692826875564226;0,478682156907848;0,377414746160957;0,502982156118039;0,119603097721006;0,003234126864298;0,0053374152932343;0,00254786270611852;0,016182632567548;0,639442744362553;0,00661686845999225
"lead";0,447047776567546;-0,574302770170636;0,396792472173588;0,539309107241815;-0,692826875564226;0,478682156907848;0,377414746160957;0,502982156118039;0,119603097721006;0,003234126864298;0,0053374152932343;0,00254786270611852;0,016182632567548;0,639442744362553;0,00661686845999225
"oil";0,400109871558432;-0,324245296849883;0,451615584882562;0,584130287727609;-0,473373720587111;0,659324751254476;0,489519106429097;0,259608109731703;0,250872783839201;0,00300699728527751;0,00197479434024057;0,00383100169717475;0,0187834128016183;0,502517973542963;0,00474326842730594
"ussr";0,522719289913881;-0,990297057939495;-0,936262148073582;0,35811844063055;-0,678459060136735;-0,641439386223455;0,192719728156533;0,558572907681939;0,248707364161529;0,00292145986816317;0,010485613561524;0,00937255077788418;0,0106920965178442;1,04631535066778;0,0117054486584575
"trend";-0,145005718993131;-0,618296614211611;0,344414041533986;-0,200713002987087;-0,855829487532416;0,476728621651676;0,0557064124714724;0,81787782758345;0,12641575994508;0,00039495240720892;0,00718072408740362;0,00222810781111843;0,0187834128016183;0,539870618978919;0,00547461885287799
"sit";0,447047776567546;-0,574302770170636;0,396792472173588;0,539309107241815;-0,692826875564226;0,478682156907848;0,377414746160957;0,502982156118039;0,119603097721006;0,003234126864298;0,0053374152932343;0,00254786270611852;0,016182632567548;0,639442744362553;0,00661686845999225
"influencer";0,447047776567546;-0,574302770170636;0,396792472173588;0,539309107241815;-0,692826875564226;0,478682156907848;0,377414746160957;0,502982156118039;0,119603097721006;0,003234126864298;0,0053374152932343;0,00254786270611852;0,016182632567548;0,639442744362553;0,00661686845999225
"gloom";0,447047776567546;-0,574302770170636;0,396792472173588;0,539309107241815;-0,692826875564226;0,478682156907848;0,377414746160957;0,502982156118039;0,119603097721006;0,003234126864298;0,0053374152932343;0,00254786270611852;0,016182632567548;0,639442744362553;0,00661686845999225
"extremely";0,447047776567546;-0,574302770170636;0,396792472173588;0,539309107241815;-0,692826875564226;0,478682156907848;0,377414746160957;0,502982156118039;0,119603097721006;0,003234126864298;0,0053374152932343;0,00254786270611852;0,016182632567548;0,639442744362553;0,00661686845999225
"dark";0,447047776567546;-0,574302770170636;0,396792472173588;0,539309107241815;-0,692826875564226;0,478682156907848;0,377414746160957;0,502982156118039;0,119603097721006;0,003234126864298;0,0053374152932343;0,00254786270611852;0,016182632567548;0,639442744362553;0,00661686845999225
"chair";0,447047776567546;-0,574302770170636;0,396792472173588;0,539309107241815;-0,692826875564226;0,478682156907848;0,377414746160957;0,502982156118039;0,119603097721006;0,003234126864298;0,0053374152932343;0,00254786270611852;0,016182632567548;0,639442744362553;0,00661686845999225
"play";0,449727055030526;-0,58903175452226;0,349593409064358;0,548844310832135;-0,718850964719189;0,426641785329906;0,380465962126208;0,527053819833264;0,0924802180405291;0,00321456243937397;0,00551443792254197;0,00194245205645663;0,0158936569859847;0,640690474797058;0,00652409641591168
"highly";0,0532987487583273;1,51620401371082;0,164164669897591;0,0349271756153435;0,993582871817279;0,107578665333156;0,00151904275066899;0,992684001865033;0,00579695538430037;4,59709205823969e-05;0,0372018431517979;0,000436122576270701;0,016182632567548;1,20168093886444;0,0233683214606231
"cinematic";0,361869576391063;-0,137473403914511;-1,14409170561442;0,299609123820266;-0,113820803910039;-0,947248223815133;0,194649695407622;0,0226854148919644;0,782664889700414;0,00187314108386466;0,000270335896777976;0,0187235424439698;0,0143042912873862;0,720746205755378;0,00743072304839858
"hybrid";0,447047776567546;-0,574302770170636;0,396792472173588;0,539309107241815;-0,692826875564226;0,478682156907848;0,377414746160957;0,502982156118039;0,119603097721006;0,003234126864298;0,0053374152932343;0,00254786270611852;0,016182632567548;0,639442744362553;0,00661686845999225
"sharp";-0,27501031907418;1,10518661923613;0,559735855338151;-0,216713434596602;0,870908367842969;0,441082647682314;0,0636616660020132;0,830254094231614;0,106084239766375;0,00104906008630821;0,016942348862954;0,00434578902819082;0,0138708279150412;0,957783050131502;0,0127243813939378
"focus";-0,27501031907418;1,10518661923613;0,559735855338151;-0,216713434596602;0,870908367842969;0,441082647682314;0,0636616660020132;0,830254094231614;0,106084239766375;0,00104906008630821;0,016942348862954;0,00434578902819082;0,0138708279150412;0,957783050131502;0,0127243813939378
"illustration";0,0795103139014445;1,37998990258932;0,465077039395851;0,0545180953906915;0,946222162332436;0,318890885391697;0,00387567709538863;0,942784073517213;0,0533402493873993;8,58629766753918e-05;0,0258649010746072;0,0029377091954749;0,0135818523334778;1,12229449293446;0,017106953231307
"concept";0,0795103139014445;1,37998990258932;0,465077039395851;0,0545180953906915;0,946222162332436;0,318890885391697;0,00387567709538863;0,942784073517213;0,0533402493873993;8,58629766753918e-05;0,0258649010746072;0,0029377091954749;0,0135818523334778;1,12229449293446;0,017106953231307
"win";0,528914618491943;-1,02435506980361;-1,04540112283066;0,339864574585409;-0,658219659376866;-0,671743218016886;0,178559352795903;0,540844321501506;0,280596325702592;0,00291028009003358;0,0109160292227034;0,0113691912365733;0,0104031209362809;1,09989550182848;0,0125853848108456
"tim";0,528914618491943;-1,02435506980361;-1,04540112283066;0,339864574585409;-0,658219659376866;-0,671743218016886;0,178559352795903;0,540844321501506;0,280596325702592;0,00291028009003358;0,0109160292227034;0,0113691912365733;0,0104031209362809;1,09989550182848;0,0125853848108456
"studio";0,528914618491943;-1,02435506980361;-1,04540112283066;0,339864574585409;-0,658219659376866;-0,671743218016886;0,178559352795903;0,540844321501506;0,280596325702592;0,00291028009003358;0,0109160292227034;0,0113691912365733;0,0104031209362809;1,09989550182848;0,0125853848108456
"rhads";0,528914618491943;-1,02435506980361;-1,04540112283066;0,339864574585409;-0,658219659376866;-0,671743218016886;0,178559352795903;0,540844321501506;0,280596325702592;0,00291028009003358;0,0109160292227034;0,0113691912365733;0,0104031209362809;1,09989550182848;0,0125853848108456
"render";0,528914618491943;-1,02435506980361;-1,04540112283066;0,339864574585409;-0,658219659376866;-0,671743218016886;0,178559352795903;0,540844321501506;0,280596325702592;0,00291028009003358;0,0109160292227034;0,0113691912365733;0,0104031209362809;1,09989550182848;0,0125853848108456
"photograph";0,528914618491943;-1,02435506980361;-1,04540112283066;0,339864574585409;-0,658219659376866;-0,671743218016886;0,178559352795903;0,540844321501506;0,280596325702592;0,00291028009003358;0,0109160292227034;0,0113691912365733;0,0104031209362809;1,09989550182848;0,0125853848108456
"pennington";0,528914618491943;-1,02435506980361;-1,04540112283066;0,339864574585409;-0,658219659376866;-0,671743218016886;0,178559352795903;0,540844321501506;0,280596325702592;0,00291028009003358;0,0109160292227034;0,0113691912365733;0,0104031209362809;1,09989550182848;0,0125853848108456
"octane";0,528914618491943;-1,02435506980361;-1,04540112283066;0,339864574585409;-0,658219659376866;-0,671743218016886;0,178559352795903;0,540844321501506;0,280596325702592;0,00291028009003358;0,0109160292227034;0,0113691912365733;0,0104031209362809;1,09989550182848;0,0125853848108456
"masterpiece";0,528914618491943;-1,02435506980361;-1,04540112283066;0,339864574585409;-0,658219659376866;-0,671743218016886;0,178559352795903;0,540844321501506;0,280596325702592;0,00291028009003358;0,0109160292227034;0,0113691912365733;0,0104031209362809;1,09989550182848;0,0125853848108456
"hildebrandt";0,528914618491943;-1,02435506980361;-1,04540112283066;0,339864574585409;-0,658219659376866;-0,671743218016886;0,178559352795903;0,540844321501506;0,280596325702592;0,00291028009003358;0,0109160292227034;0,0113691912365733;0,0104031209362809;1,09989550182848;0,0125853848108456
"ghibli";0,528914618491943;-1,02435506980361;-1,04540112283066;0,339864574585409;-0,658219659376866;-0,671743218016886;0,178559352795903;0,540844321501506;0,280596325702592;0,00291028009003358;0,0109160292227034;0,0113691912365733;0,0104031209362809;1,09989550182848;0,0125853848108456
"composition";0,528914618491943;-1,02435506980361;-1,04540112283066;0,339864574585409;-0,658219659376866;-0,671743218016886;0,178559352795903;0,540844321501506;0,280596325702592;0,00291028009003358;0,0109160292227034;0,0113691912365733;0,0104031209362809;1,09989550182848;0,0125853848108456
"bruce";0,528914618491943;-1,02435506980361;-1,04540112283066;0,339864574585409;-0,658219659376866;-0,671743218016886;0,178559352795903;0,540844321501506;0,280596325702592;0,00291028009003358;0,0109160292227034;0,0113691912365733;0,0104031209362809;1,09989550182848;0,0125853848108456
"beautiful";0,528914618491943;-1,02435506980361;-1,04540112283066;0,339864574585409;-0,658219659376866;-0,671743218016886;0,178559352795903;0,540844321501506;0,280596325702592;0,00291028009003358;0,0109160292227034;0,0113691912365733;0,0104031209362809;1,09989550182848;0,0125853848108456
"award";0,528914618491943;-1,02435506980361;-1,04540112283066;0,339864574585409;-0,658219659376866;-0,671743218016886;0,178559352795903;0,540844321501506;0,280596325702592;0,00291028009003358;0,0109160292227034;0,0113691912365733;0,0104031209362809;1,09989550182848;0,0125853848108456
"rutkowski";0,0967791097604394;1,29024884114457;0,663325188712352;0,0665607150823947;0,887380403822631;0,456207946137839;0,00611892774028561;0,878251305240794;0,115629767018922;0,000115030583342287;0,0204454668583104;0,00540384713312;0,0122814622164427;1,08717915678556;0,0145161788918742
"greg";0,0967791097604394;1,29024884114457;0,663325188712352;0,0665607150823947;0,887380403822631;0,456207946137839;0,00611892774028561;0,878251305240794;0,115629767018922;0,000115030583342287;0,0204454668583104;0,00540384713312;0,0122814622164427;1,08717915678556;0,0145161788918742
"artgerm";0,0967791097604394;1,29024884114457;0,663325188712352;0,0665607150823947;0,887380403822631;0,456207946137839;0,00611892774028561;0,878251305240794;0,115629767018922;0,000115030583342287;0,0204454668583104;0,00540384713312;0,0122814622164427;1,08717915678556;0,0145161788918742
"shirt";0,408268746182305;-0,361120101923436;1,07993680664928;0,337498110684607;-0,298522366135199;0,892737039783476;0,224904206135742;0,142091600420921;0,633004193443337;0,00183036209396108;0,00143201666363281;0,0128068236502015;0,0109810720994076;0,756492284922587;0,00628425427874615
"blue";0,408268746182305;-0,361120101923436;1,07993680664928;0,337498110684607;-0,298522366135199;0,892737039783476;0,224904206135742;0,142091600420921;0,633004193443337;0,00183036209396108;0,00143201666363281;0,0128068236502015;0,0109810720994076;0,756492284922587;0,00628425427874615
"communism";0,522719289913881;-0,990297057939495;-0,936262148073582;0,35811844063055;-0,678459060136735;-0,641439386223455;0,192719728156533;0,558572907681939;0,248707364161529;0,00292145986816317;0,010485613561524;0,00937255077788418;0,0106920965178442;1,04631535066778;0,0117054486584575
"armor";0,522719289913881;-0,990297057939495;-0,936262148073582;0,35811844063055;-0,678459060136735;-0,641439386223455;0,192719728156533;0,558572907681939;0,248707364161529;0,00292145986816317;0,010485613561524;0,00937255077788418;0,0106920965178442;1,04631535066778;0,0117054486584575
"propaganda";0,284657212855986;0,313899330055821;2,82019162803539;0,0998149628665659;0,110068702138291;0,988899314388244;0,0241163590064115;0,0236814288261928;0,952202212167396;0,000597098131827459;0,000726076038128041;0,0586082244994779;0,00736887732986563;1,61073271511331;0,0191182565895608
"poster";0,284657212855986;0,313899330055821;2,82019162803539;0,0998149628665659;0,110068702138291;0,988899314388244;0,0241163590064115;0,0236814288261928;0,952202212167396;0,000597098131827459;0,000726076038128041;0,0586082244994779;0,00736887732986563;1,61073271511331;0,0191182565895608
"suit";0,520727934299504;-0,979349839840315;-0,901181763330235;0,364367112880837;-0,68527699425797;-0,63058072297815;0,197583753935744;0,564371356098876;0,238044889965381;0,00219402175514382;0,00776059270228782;0,00657118912748209;0,00809131628377402;1,02941956158797;0,00857440535929471
"digital";-0,0835838692112852;2,22754437178976;-1,40726659303777;-0,0317066755257428;0,844995897916588;-0,533832014056148;0,00145227818780255;0,832947001544892;0,165600720267307;5,45092056618665e-05;0,0387148550972086;0,0154517497831999;0,00780234070221066;1,92732396256461;0,0289824004422035
"smooth";-0,0835838692112853;2,22754437178976;-1,40726659303777;-0,0317066755257429;0,844995897916588;-0,533832014056148;0,00145227818780255;0,832947001544892;0,165600720267307;4,74431975205136e-05;0,0336962627697927;0,013448745181674;0,00679092616673891;1,92732396256461;0,0252254226071031
"villeneuve";0,29968746110363;0,235791369168722;2,99274094318123;0,0993350100152092;0,0781558825705278;0,991979946271546;0,0240299163747178;0,0120124250992915;0,963957658525991;0,000519072818047909;0,000321326801181682;0,05176418640655;0,00577951163126716;1,69882874075012;0,0166797809010181
"style";0,29968746110363;0,235791369168722;2,99274094318123;0,0993350100152092;0,0781558825705278;0,991979946271546;0,0240299163747178;0,0120124250992915;0,963957658525991;0,000519072818047909;0,000321326801181682;0,05176418640655;0,00577951163126716;1,69882874075012;0,0166797809010181
"room";0,29968746110363;0,235791369168722;2,99274094318123;0,0993350100152092;0,0781558825705278;0,991979946271546;0,0240299163747178;0,0120124250992915;0,963957658525991;0,000519072818047909;0,000321326801181682;0,05176418640655;0,00577951163126716;1,69882874075012;0,0166797809010181
"open";0,29968746110363;0,235791369168722;2,99274094318123;0,0993350100152092;0,0781558825705278;0,991979946271546;0,0240299163747178;0,0120124250992915;0,963957658525991;0,000519072818047909;0,000321326801181682;0,05176418640655;0,00577951163126716;1,69882874075012;0,0166797809010181
"magali";0,29968746110363;0,235791369168722;2,99274094318123;0,0993350100152092;0,0781558825705278;0,991979946271546;0,0240299163747178;0,0120124250992915;0,963957658525991;0,000519072818047909;0,000321326801181682;0,05176418640655;0,00577951163126716;1,69882874075012;0,0166797809010181
"american";0,29968746110363;0,235791369168722;2,99274094318123;0,0993350100152092;0,0781558825705278;0,991979946271546;0,0240299163747178;0,0120124250992915;0,963957658525991;0,000519072818047909;0,000321326801181682;0,05176418640655;0,00577951163126716;1,69882874075012;0,0166797809010181
"light";-0,970631037617456;1,48869636809747;-1,06958413000282;-0,467951905346381;0,717716902648653;-0,515658280196406;0,295153861030669;0,560676233442224;0,144169905527109;0,00517276914103177;0,0121682186537626;0,00628122930556966;0,0054905360497038;1,56995461260512;0,0135328398286843
"europa";0,528914618491943;-1,02435506980361;-1,04540112283066;0,339864574585409;-0,658219659376866;-0,671743218016886;0,178559352795903;0,540844321501506;0,280596325702592;0,000727570022508395;0,00272900730567585;0,00284229780914331;0,00260078023407022;1,09989550182848;0,00314634620271139
"commission";0,528914618491943;-1,02435506980361;-1,04540112283066;0,339864574585409;-0,658219659376866;-0,671743218016886;0,178559352795903;0,540844321501506;0,280596325702592;0,000727570022508395;0,00272900730567585;0,00284229780914331;0,00260078023407022;1,09989550182848;0,00314634620271139
"mucha";-0,0835838692112851;2,22754437178976;-1,40726659303777;-0,0317066755257428;0,844995897916588;-0,533832014056148;0,00145227818780255;0,832947001544892;0,165600720267307;2,92734622998912e-05;0,0207913110707231;0,00829816192060736;0,00419014593266869;1,92732396256461;0,0155646224597019
"alphonse";-0,0835838692112851;2,22754437178976;-1,40726659303777;-0,0317066755257428;0,844995897916588;-0,533832014056148;0,00145227818780255;0,832947001544892;0,165600720267307;2,92734622998912e-05;0,0207913110707231;0,00829816192060736;0,00419014593266869;1,92732396256461;0,0155646224597019
"symmetrical";-0,0835838692112852;2,22754437178976;-1,40726659303777;-0,0317066755257428;0,844995897916588;-0,533832014056148;0,00145227818780255;0,832947001544893;0,165600720267307;2,72546028309333e-05;0,0193574275486043;0,00772587489159996;0,00390117035110533;1,92732396256461;0,0144912002211018
"surprise";-0,0835838692112852;2,22754437178976;-1,40726659303777;-0,0317066755257428;0,844995897916588;-0,533832014056148;0,00145227818780255;0,832947001544893;0,165600720267307;2,72546028309333e-05;0,0193574275486043;0,00772587489159996;0,00390117035110533;1,92732396256461;0,0144912002211018
"realistic";-0,0835838692112852;2,22754437178976;-1,40726659303777;-0,0317066755257428;0,844995897916588;-0,533832014056148;0,00145227818780255;0,832947001544893;0,165600720267307;2,72546028309333e-05;0,0193574275486043;0,00772587489159996;0,00390117035110533;1,92732396256461;0,0144912002211018
"quality";-3,82889413581512;-0,892036088244349;0,0185038064431277;-0,973907621647367;-0,226895995112366;0,00470658040813482;0,958001186198431;0,0419898137276529;9,00007391647272e-06;0,0571928360335998;0,00310427197424036;1,33572504376359e-06;0,00390117035110533;3,43753787857918;0,0460988296488947
"high";-3,82889413581512;-0,892036088244349;0,0185038064431277;-0,973907621647367;-0,226895995112366;0,00470658040813482;0,958001186198431;0,0419898137276529;9,00007391647272e-06;0,0571928360335998;0,00310427197424036;1,33572504376359e-06;0,00390117035110533;3,43753787857918;0,0460988296488947
"guard";-0,0835838692112852;2,22754437178976;-1,40726659303777;-0,0317066755257428;0,844995897916588;-0,533832014056148;0,00145227818780255;0,832947001544893;0,165600720267307;2,72546028309333e-05;0,0193574275486043;0,00772587489159996;0,00390117035110533;1,92732396256461;0,0144912002211018
"discover";-0,0835838692112852;2,22754437178976;-1,40726659303777;-0,0317066755257428;0,844995897916588;-0,533832014056148;0,00145227818780255;0,832947001544893;0,165600720267307;2,72546028309333e-05;0,0193574275486043;0,00772587489159996;0,00390117035110533;1,92732396256461;0,0144912002211018
"budapest";-0,0835838692112852;2,22754437178976;-1,40726659303777;-0,0317066755257428;0,844995897916588;-0,533832014056148;0,00145227818780255;0,832947001544893;0,165600720267307;2,72546028309333e-05;0,0193574275486043;0,00772587489159996;0,00390117035110533;1,92732396256461;0,0144912002211018
"border";-0,0835838692112852;2,22754437178976;-1,40726659303777;-0,0317066755257428;0,844995897916588;-0,533832014056148;0,00145227818780255;0,832947001544893;0,165600720267307;2,72546028309333e-05;0,0193574275486043;0,00772587489159996;0,00390117035110533;1,92732396256461;0,0144912002211018
"army";-0,0835838692112852;2,22754437178976;-1,40726659303777;-0,0317066755257428;0,844995897916588;-0,533832014056148;0,00145227818780255;0,832947001544893;0,165600720267307;2,72546028309333e-05;0,0193574275486043;0,00772587489159996;0,00390117035110533;1,92732396256461;0,0144912002211018
"unreal";-0,0835838692112851;2,22754437178976;-1,40726659303777;-0,0317066755257428;0,844995897916588;-0,533832014056148;0,00145227818780255;0,832947001544892;0,165600720267307;2,01885946895802e-05;0,0143388352211884;0,00572287029007404;0,00288975581563358;1,92732396256461;0,0107342223860013
"portrait";-3,14792863279624;-0,32483964096542;-0,240727175280671;-0,991852464460027;-0,102350795087646;-0,0758485562782736;0,989167264142838;0,00850585143348284;0,00232688442367926;0,0157497473557235;0,00016771112783817;9,2103063445271e-05;0,00158936569859847;2,78129571835646;0,0122947066323403
"white";-3,82889413581512;-0,892036088244349;0,0185038064431278;-0,973907621647367;-0,226895995112366;0,00470658040813484;0,95800118619843;0,0419898137276529;9,00007391647278e-06;0,0381285573557332;0,00206951464949357;8,9048336250907e-07;0,00260078023407022;3,43753787857918;0,0307325530992631
"tree";-0,0835838692112852;2,22754437178976;-1,40726659303777;-0,0317066755257429;0,844995897916588;-0,533832014056148;0,00145227818780255;0,832947001544892;0,165600720267307;1,81697352206222e-05;0,0129049516990695;0,00515058326106664;0,00260078023407022;1,92732396256461;0,00966080014740117
"suite";0,528914618491943;-1,02435506980361;-1,04540112283066;0,339864574585409;-0,658219659376866;-0,671743218016886;0,178559352795903;0,540844321501506;0,280596325702592;0,000727570022508395;0,00272900730567585;0,00284229780914331;0,00260078023407022;1,09989550182848;0,00314634620271139
"street";-0,0835838692112852;2,22754437178976;-1,40726659303777;-0,0317066755257429;0,844995897916588;-0,533832014056148;0,00145227818780255;0,832947001544892;0,165600720267307;1,81697352206222e-05;0,0129049516990695;0,00515058326106664;0,00260078023407022;1,92732396256461;0,00966080014740117
"simplistic";-3,82889413581512;-0,892036088244349;0,0185038064431278;-0,973907621647367;-0,226895995112366;0,00470658040813484;0,95800118619843;0,0419898137276529;9,00007391647278e-06;0,0381285573557332;0,00206951464949357;8,9048336250907e-07;0,00260078023407022;3,43753787857918;0,0307325530992631
"professionally";-3,82889413581512;-0,892036088244349;0,0185038064431278;-0,973907621647367;-0,226895995112366;0,00470658040813484;0,95800118619843;0,0419898137276529;9,00007391647278e-06;0,0381285573557332;0,00206951464949357;8,9048336250907e-07;0,00260078023407022;3,43753787857918;0,0307325530992631
"political";-3,82889413581512;-0,892036088244349;0,0185038064431278;-0,973907621647367;-0,226895995112366;0,00470658040813484;0,95800118619843;0,0419898137276529;9,00007391647278e-06;0,0381285573557332;0,00206951464949357;8,9048336250907e-07;0,00260078023407022;3,43753787857918;0,0307325530992631
"nose";0,29968746110363;0,235791369168722;2,99274094318123;0,0993350100152092;0,0781558825705277;0,991979946271547;0,0240299163747178;0,0120124250992914;0,963957658525991;0,000233582768121559;0,000144597060531757;0,0232938838829475;0,00260078023407022;1,69882874075012;0,00750590140545813
"maxence";-0,0835838692112852;2,22754437178976;-1,40726659303777;-0,0317066755257429;0,844995897916588;-0,533832014056148;0,00145227818780255;0,832947001544892;0,165600720267307;1,81697352206222e-05;0,0129049516990695;0,00515058326106664;0,00260078023407022;1,92732396256461;0,00966080014740117
"mapporn";-3,82889413581512;-0,892036088244349;0,0185038064431278;-0,973907621647367;-0,226895995112366;0,00470658040813484;0,95800118619843;0,0419898137276529;9,00007391647278e-06;0,0381285573557332;0,00206951464949357;8,9048336250907e-07;0,00260078023407022;3,43753787857918;0,0307325530992631
"map";-3,82889413581512;-0,892036088244349;0,0185038064431278;-0,973907621647367;-0,226895995112366;0,00470658040813484;0,95800118619843;0,0419898137276529;9,00007391647278e-06;0,0381285573557332;0,00206951464949357;8,9048336250907e-07;0,00260078023407022;3,43753787857918;0,0307325530992631
"magazine";-1,9562390025132;0,667754141772706;-0,694381393297319;-0,897118373540006;0,306227668920884;-0,318438751794149;0,873535172415057;0,0821919946435984;0,0442728329413446;0,00995285054604382;0,00115967644695605;0,00125400655229526;0,00260078023407022;1,83924198539388;0,00879794819463096
"goddess";-0,0835838692112852;2,22754437178976;-1,40726659303777;-0,0317066755257429;0,844995897916588;-0,533832014056148;0,00145227818780255;0,832947001544892;0,165600720267307;1,81697352206222e-05;0,0129049516990695;0,00515058326106664;0,00260078023407022;1,92732396256461;0,00966080014740117
"fight";-0,0835838692112852;2,22754437178976;-1,40726659303777;-0,0317066755257429;0,844995897916588;-0,533832014056148;0,00145227818780255;0,832947001544892;0,165600720267307;1,81697352206222e-05;0,0129049516990695;0,00515058326106664;0,00260078023407022;1,92732396256461;0,00966080014740117
"face";-3,82889413581512;-0,892036088244349;0,0185038064431278;-0,973907621647367;-0,226895995112366;0,00470658040813484;0,95800118619843;0,0419898137276529;9,00007391647278e-06;0,0381285573557332;0,00206951464949357;8,9048336250907e-07;0,00260078023407022;3,43753787857918;0,0307325530992631
"era";0,528914618491943;-1,02435506980361;-1,04540112283066;0,339864574585409;-0,658219659376866;-0,671743218016886;0,178559352795903;0,540844321501506;0,280596325702592;0,000727570022508395;0,00272900730567585;0,00284229780914331;0,00260078023407022;1,09989550182848;0,00314634620271139
"engine";-0,0835838692112852;2,22754437178976;-1,40726659303777;-0,0317066755257429;0,844995897916588;-0,533832014056148;0,00145227818780255;0,832947001544892;0,165600720267307;1,81697352206222e-05;0,0129049516990695;0,00515058326106664;0,00260078023407022;1,92732396256461;0,00966080014740117
"edgar";-0,0835838692112852;2,22754437178976;-1,40726659303777;-0,0317066755257429;0,844995897916588;-0,533832014056148;0,00145227818780255;0,832947001544892;0,165600720267307;1,81697352206222e-05;0,0129049516990695;0,00515058326106664;0,00260078023407022;1,92732396256461;0,00966080014740117
"big";0,29968746110363;0,235791369168722;2,99274094318123;0,0993350100152092;0,0781558825705277;0,991979946271547;0,0240299163747178;0,0120124250992914;0,963957658525991;0,000233582768121559;0,000144597060531757;0,0232938838829475;0,00260078023407022;1,69882874075012;0,00750590140545813
"background";-3,82889413581512;-0,892036088244349;0,0185038064431278;-0,973907621647367;-0,226895995112366;0,00470658040813484;0,95800118619843;0,0419898137276529;9,00007391647278e-06;0,0381285573557332;0,00206951464949357;8,9048336250907e-07;0,00260078023407022;3,43753787857918;0,0307325530992631
"time";-0,0835838692112851;2,22754437178976;-1,40726659303777;-0,0317066755257428;0,844995897916588;-0,533832014056148;0,00145227818780255;0,832947001544892;0,165600720267307;9,08486761031108e-06;0,00645247584953477;0,00257529163053332;0,00130039011703511;1,92732396256461;0,00483040007370059
"tank";-0,0835838692112851;2,22754437178976;-1,40726659303777;-0,0317066755257428;0,844995897916588;-0,533832014056148;0,00145227818780255;0,832947001544892;0,165600720267307;9,08486761031108e-06;0,00645247584953477;0,00257529163053332;0,00130039011703511;1,92732396256461;0,00483040007370059
"steve";-3,82889413581512;-0,892036088244349;0,0185038064431275;-0,973907621647367;-0,226895995112366;0,00470658040813477;0,95800118619843;0,0419898137276529;9,00007391647253e-06;0,0190642786778666;0,00103475732474679;4,45241681254522e-07;0,00130039011703511;3,43753787857918;0,0153662765496316
"steal";-3,82889413581512;-0,892036088244349;0,0185038064431275;-0,973907621647367;-0,226895995112366;0,00470658040813477;0,95800118619843;0,0419898137276529;9,00007391647253e-06;0,0190642786778666;0,00103475732474679;4,45241681254522e-07;0,00130039011703511;3,43753787857918;0,0153662765496316
"star";-3,82889413581512;-0,892036088244349;0,0185038064431275;-0,973907621647367;-0,226895995112366;0,00470658040813477;0,95800118619843;0,0419898137276529;9,00007391647253e-06;0,0190642786778666;0,00103475732474679;4,45241681254522e-07;0,00130039011703511;3,43753787857918;0,0153662765496316
"press";-3,82889413581512;-0,892036088244349;0,0185038064431275;-0,973907621647367;-0,226895995112366;0,00470658040813477;0,95800118619843;0,0419898137276529;9,00007391647253e-06;0,0190642786778666;0,00103475732474679;4,45241681254522e-07;0,00130039011703511;3,43753787857918;0,0153662765496316
"potter";-3,82889413581512;-0,892036088244349;0,0185038064431275;-0,973907621647367;-0,226895995112366;0,00470658040813477;0,95800118619843;0,0419898137276529;9,00007391647253e-06;0,0190642786778666;0,00103475732474679;4,45241681254522e-07;0,00130039011703511;3,43753787857918;0,0153662765496316
"photo";-3,82889413581512;-0,892036088244349;0,0185038064431275;-0,973907621647367;-0,226895995112366;0,00470658040813477;0,95800118619843;0,0419898137276529;9,00007391647253e-06;0,0190642786778666;0,00103475732474679;4,45241681254522e-07;0,00130039011703511;3,43753787857918;0,0153662765496316
"parliament";-3,82889413581512;-0,892036088244349;0,0185038064431275;-0,973907621647367;-0,226895995112366;0,00470658040813477;0,95800118619843;0,0419898137276529;9,00007391647253e-06;0,0190642786778666;0,00103475732474679;4,45241681254522e-07;0,00130039011703511;3,43753787857918;0,0153662765496316
"nikon";-3,82889413581512;-0,892036088244349;0,0185038064431275;-0,973907621647367;-0,226895995112366;0,00470658040813477;0,95800118619843;0,0419898137276529;9,00007391647253e-06;0,0190642786778666;0,00103475732474679;4,45241681254522e-07;0,00130039011703511;3,43753787857918;0,0153662765496316
"natural";-3,82889413581512;-0,892036088244349;0,0185038064431275;-0,973907621647367;-0,226895995112366;0,00470658040813477;0,95800118619843;0,0419898137276529;9,00007391647253e-06;0,0190642786778666;0,00103475732474679;4,45241681254522e-07;0,00130039011703511;3,43753787857918;0,0153662765496316
"money";-3,82889413581512;-0,892036088244349;0,0185038064431275;-0,973907621647367;-0,226895995112366;0,00470658040813477;0,95800118619843;0,0419898137276529;9,00007391647253e-06;0,0190642786778666;0,00103475732474679;4,45241681254522e-07;0,00130039011703511;3,43753787857918;0,0153662765496316
"michelangelo";-3,82889413581512;-0,892036088244349;0,0185038064431275;-0,973907621647367;-0,226895995112366;0,00470658040813477;0,95800118619843;0,0419898137276529;9,00007391647253e-06;0,0190642786778666;0,00103475732474679;4,45241681254522e-07;0,00130039011703511;3,43753787857918;0,0153662765496316
"merkel";-3,82889413581512;-0,892036088244349;0,0185038064431275;-0,973907621647367;-0,226895995112366;0,00470658040813477;0,95800118619843;0,0419898137276529;9,00007391647253e-06;0,0190642786778666;0,00103475732474679;4,45241681254522e-07;0,00130039011703511;3,43753787857918;0,0153662765496316
"mccurry";-3,82889413581512;-0,892036088244349;0,0185038064431275;-0,973907621647367;-0,226895995112366;0,00470658040813477;0,95800118619843;0,0419898137276529;9,00007391647253e-06;0,0190642786778666;0,00103475732474679;4,45241681254522e-07;0,00130039011703511;3,43753787857918;0,0153662765496316
"macron";-3,82889413581512;-0,892036088244349;0,0185038064431275;-0,973907621647367;-0,226895995112366;0,00470658040813477;0,95800118619843;0,0419898137276529;9,00007391647253e-06;0,0190642786778666;0,00103475732474679;4,45241681254522e-07;0,00130039011703511;3,43753787857918;0,0153662765496316
"lazar";-3,82889413581512;-0,892036088244349;0,0185038064431275;-0,973907621647367;-0,226895995112366;0,00470658040813477;0,95800118619843;0,0419898137276529;9,00007391647253e-06;0,0190642786778666;0,00103475732474679;4,45241681254522e-07;0,00130039011703511;3,43753787857918;0,0153662765496316
"invade";-0,0835838692112851;2,22754437178976;-1,40726659303777;-0,0317066755257428;0,844995897916588;-0,533832014056148;0,00145227818780255;0,832947001544892;0,165600720267307;9,08486761031108e-06;0,00645247584953477;0,00257529163053332;0,00130039011703511;1,92732396256461;0,00483040007370059
"impasto";0,29968746110363;0,235791369168722;2,99274094318123;0,0993350100152092;0,0781558825705277;0,991979946271546;0,0240299163747178;0,0120124250992914;0,963957658525991;0,00011679138406078;7,22985302658783e-05;0,0116469419414737;0,00130039011703511;1,69882874075012;0,00375295070272907
"harry";-3,82889413581512;-0,892036088244349;0,0185038064431275;-0,973907621647367;-0,226895995112366;0,00470658040813477;0,95800118619843;0,0419898137276529;9,00007391647253e-06;0,0190642786778666;0,00103475732474679;4,45241681254522e-07;0,00130039011703511;3,43753787857918;0,0153662765496316
"emmanuel";-3,82889413581512;-0,892036088244349;0,0185038064431275;-0,973907621647367;-0,226895995112366;0,00470658040813477;0,95800118619843;0,0419898137276529;9,00007391647253e-06;0,0190642786778666;0,00103475732474679;4,45241681254522e-07;0,00130039011703511;3,43753787857918;0,0153662765496316
"david";-3,82889413581512;-0,892036088244349;0,0185038064431275;-0,973907621647367;-0,226895995112366;0,00470658040813477;0,95800118619843;0,0419898137276529;9,00007391647253e-06;0,0190642786778666;0,00103475732474679;4,45241681254522e-07;0,00130039011703511;3,43753787857918;0,0153662765496316
"creation";-3,82889413581512;-0,892036088244349;0,0185038064431275;-0,973907621647367;-0,226895995112366;0,00470658040813477;0,95800118619843;0,0419898137276529;9,00007391647253e-06;0,0190642786778666;0,00103475732474679;4,45241681254522e-07;0,00130039011703511;3,43753787857918;0,0153662765496316
"cover";-0,0835838692112851;2,22754437178976;-1,40726659303777;-0,0317066755257428;0,844995897916588;-0,533832014056148;0,00145227818780255;0,832947001544892;0,165600720267307;9,08486761031108e-06;0,00645247584953477;0,00257529163053332;0,00130039011703511;1,92732396256461;0,00483040007370059
"closeup";-3,82889413581512;-0,892036088244349;0,0185038064431275;-0,973907621647367;-0,226895995112366;0,00470658040813477;0,95800118619843;0,0419898137276529;9,00007391647253e-06;0,0190642786778666;0,00103475732474679;4,45241681254522e-07;0,00130039011703511;3,43753787857918;0,0153662765496316
"canon";-3,82889413581512;-0,892036088244349;0,0185038064431275;-0,973907621647367;-0,226895995112366;0,00470658040813477;0,95800118619843;0,0419898137276529;9,00007391647253e-06;0,0190642786778666;0,00103475732474679;4,45241681254522e-07;0,00130039011703511;3,43753787857918;0,0153662765496316
"angela";-3,82889413581512;-0,892036088244349;0,0185038064431275;-0,973907621647367;-0,226895995112366;0,00470658040813477;0,95800118619843;0,0419898137276529;9,00007391647253e-06;0,0190642786778666;0,00103475732474679;4,45241681254522e-07;0,00130039011703511;3,43753787857918;0,0153662765496316
"evil";0,29968746110363;0,235791369168722;2,99274094318123;0,0993350100152092;0,0781558825705278;0,991979946271546;0,0240299163747178;0,0120124250992915;0,963957658525991;3,89304613535932e-05;2,40995100886261e-05;0,00388231398049125;0,000433463372345037;1,69882874075012;0,00125098356757636
"on";-0,137535494019663;-0,27218081861685;0,131371802194178;-0,414201610976967;-0,819699193664224;0,395639049349664;NA;NA;NA;NA;NA;NA;NA;0,257218821539317;NA
"and";0,0713736725224169;0,168007600465234;-0,112769310513671;0,332645279691768;0,783018909802459;-0,525574452185942;NA;NA;NA;NA;NA;NA;NA;0,159638392278652;NA
"of";-0,962757160213612;0,637386843837799;0,614916010417107;-0,735962321376205;0,487238860006441;0,470061437276205;NA;NA;NA;NA;NA;NA;NA;1,04235470058636;NA
"the";-1,27796321125586;1,04362915738233;-0,580650209335192;-0,730621865302947;0,596651198512912;-0,331962403374761;NA;NA;NA;NA;NA;NA;NA;1,4300279759668;NA
"by";-0,27501031907418;1,10518661923613;0,559735855338152;-0,216713434596602;0,870908367842969;0,441082647682314;NA;NA;NA;NA;NA;NA;NA;0,957783050131502;NA
"2";-0,0835838692112853;2,22754437178976;-1,40726659303777;-0,0317066755257429;0,844995897916588;-0,533832014056149;NA;NA;NA;NA;NA;NA;NA;1,92732396256461;NA
"with";0,309786667971621;0,164793475468533;1,31682116685011;0,227321279048728;0,120925357658787;0,966282615991173;NA;NA;NA;NA;NA;NA;NA;0,793501795582296;NA
"in";0,29968746110363;0,235791369168722;2,99274094318124;0,0993350100152093;0,0781558825705278;0,991979946271547;NA;NA;NA;NA;NA;NA;NA;1,69882874075012;NA
"0";0,0122339633674435;1,7296061211345;-0,307264708983016;0,00696405635016696;0,98456028757027;-0,174907238439976;NA;NA;NA;NA;NA;NA;NA;1,37652683411186;NA
"a";-3,82889413581512;-0,892036088244348;0,0185038064431282;-0,973907621647367;-0,226895995112366;0,00470658040813493;NA;NA;NA;NA;NA;NA;NA;3,43753787857918;NA
"5";-0,0835838692112853;2,22754437178976;-1,40726659303777;-0,0317066755257429;0,844995897916588;-0,533832014056149;NA;NA;NA;NA;NA;NA;NA;1,92732396256461;NA
"to";-0,0835838692112853;2,22754437178976;-1,40726659303777;-0,0317066755257429;0,844995897916588;-0,533832014056149;NA;NA;NA;NA;NA;NA;NA;1,92732396256461;NA
"behind";-0,0835838692112853;2,22754437178976;-1,40726659303777;-0,0317066755257429;0,844995897916588;-0,533832014056149;NA;NA;NA;NA;NA;NA;NA;1,92732396256461;NA
"r";-3,82889413581512;-0,892036088244348;0,0185038064431282;-0,973907621647367;-0,226895995112366;0,00470658040813493;NA;NA;NA;NA;NA;NA;NA;3,43753787857918;NA
"make";-3,82889413581512;-0,892036088244348;0,0185038064431282;-0,973907621647367;-0,226895995112366;0,00470658040813493;NA;NA;NA;NA;NA;NA;NA;3,43753787857918;NA
"k";-0,0835838692112853;2,22754437178976;-1,40726659303777;-0,0317066755257429;0,844995897916588;-0,533832014056149;NA;NA;NA;NA;NA;NA;NA;1,92732396256461;NA
"from";-3,82889413581512;-0,892036088244348;0,0185038064431282;-0,973907621647367;-0,226895995112366;0,00470658040813493;NA;NA;NA;NA;NA;NA;NA;3,43753787857918;NA
"an";0,29968746110363;0,235791369168722;2,99274094318124;0,0993350100152093;0,0781558825705278;0,991979946271547;NA;NA;NA;NA;NA;NA;NA;1,69882874075012;NA
"8";-0,0835838692112853;2,22754437178976;-1,40726659303777;-0,0317066755257429;0,844995897916588;-0,533832014056149;NA;NA;NA;NA;NA;NA;NA;1,92732396256461;NA
"3";0,29968746110363;0,235791369168722;2,99274094318124;0,0993350100152093;0,0781558825705278;0,991979946271547;NA;NA;NA;NA;NA;NA;NA;1,69882874075012;NA
"1";0,29968746110363;0,235791369168722;2,99274094318124;0,0993350100152093;0,0781558825705278;0,991979946271547;NA;NA;NA;NA;NA;NA;NA;1,69882874075012;NA
"instead";-3,82889413581512;-0,892036088244348;0,0185038064431282;-0,973907621647367;-0,226895995112366;0,00470658040813493;NA;NA;NA;NA;NA;NA;NA;3,43753787857918;NA
"for";-0,0835838692112853;2,22754437178976;-1,40726659303777;-0,0317066755257429;0,844995897916588;-0,533832014056149;NA;NA;NA;NA;NA;NA;NA;1,92732396256461;NA
"9";0,29968746110363;0,235791369168722;2,99274094318124;0,0993350100152093;0,0781558825705278;0,991979946271547;NA;NA;NA;NA;NA;NA;NA;1,69882874075012;NA
"*var_1";-0,360751471408387;0,301871163905669;0,0157066906889125;-0,76649090835438;0,641387550616851;0,0333721039761389;NA;NA;NA;NA;NA;NA;NA;0,396724735376732;NA
